0.0,0.0
0.0,0.0
0.0,0.0
0.0,0.0
0.0,0.0
0.0,0.0
-0.0013553698432736188,0.001183047665150723
-0.0013553698433393967,0.0011830476651566507
0.00273868347859055,-0.005442646499053426
0.0027386834535802406,-0.005442646521375749
0.0031318714677285,-0.003390644523269654
0.003131871467744398,-0.0033906445232711607
-0.0015760215373120112,-0.004836501590826754
-0.0014546931627077682,-0.00461804981597326
0.0008285033897344148,0.0011701166799207236
-0.0005368331190150769,0.0025990864116193025
-0.0018507536510972205,-0.004735557856823416
-0.001141202771832761,-0.004553361022733849
-0.012709213008568136,-0.0183593325280687
-0.008938350316010002,-0.01919474394036994
-0.022448128532964202,-0.03207612376515992
-0.01672315028198554,-0.020520250022467476
-0.03456289471115006,-0.038892873717154844
-0.029604932288068018,-0.030971299100407402
-0.04986581148028312,-0.062137360773830266
-0.039734602656134446,-0.04384210842020487
-0.06126975789202443,-0.07354653184473917
-0.04111959193064754,-0.0432101164536289
-0.06150068442116268,-0.08203557296749947
-0.03878081376603361,-0.0403054322489768
-0.04347820775180183,-0.07571801410244244
-0.02379423710052568,-0.042376140370168666
-0.019454492507194415,-0.05237967883076528
0.0013212199741901645,-0.01829638460227624
0.004649805372231208,-0.01634571145021947
0.006277711309512981,0.0043739808949962815
-0.0005452154631845046,-0.01702794767157273
0.005522939175149219,-0.014321408942188824
0.006200774969093796,-0.021696927160519547
0.004879526779883105,-0.023155408905240565
-0.007391795503003656,-0.019990214387191695
-0.0037663667815168896,-0.022031145933774057
0.0049471466384153374,-0.017198523784653367
0.009349313853967174,-0.018248990757118576
0.0303753711293667,-0.017093131370459414
0.028666246431744088,-0.01992330879427888
0.024572985831661953,-0.02567071076278019
0.03219350527766155,-0.022565417350191498
0.02863186590911726,-0.03659399512382212
0.032010628047134525,-0.027922322262557465
0.03898798158741589,-0.02018364109531946
0.03919669190876012,-0.02204814736002132
0.04663013799227648,-0.026420135800355786
0.04706860118509046,-0.031312461347995375
0.05487342425974755,-0.03919438749293822
0.057032038139911964,-0.04160185007072454
0.0717226861210211,-0.041312600204870584
0.07366221691987741,-0.03419216055111272
0.09204971524676184,-0.042536978668324205
0.09394533579824371,-0.03725973298832101
0.11065662306683963,-0.040890679006807006
0.10888289894865211,-0.04246841991257651
0.11115188396672343,-0.06714938841759494
0.10959775379638248,-0.060093858701844916
0.11032370414300095,-0.07747086285926204
0.11299591589622822,-0.07608442502215519
0.12483414777744514,-0.1003148219326678
0.12543670044935332,-0.09052059733569356
0.13934892314602546,-0.0951094217853877
0.13581431110522332,-0.09831082367409127
0.1481355528259565,-0.08930972586950259
0.15617051250978986,-0.08113389526718176
0.1523832531813627,-0.11140771397211806
0.1537325254801799,-0.11159305711554707
0.16998959313737758,-0.05167666389284829
0.17668886132589007,-0.021643354632260137
0.1829142083617222,-0.0007585848011580267
0.1812217697748924,0.006186523738584419
0.20363331474388913,0.03175211001431711
0.20310101951378107,0.03983279060563499
0.2263307196305216,0.030922184559345315
0.224522326100751,0.038050860845811024
0.2759487492284537,0.0016789451922135656
0.2813812349694802,0.0022393315362770685
0.29952477965563684,0.0037989589846359763
0.3029558782200034,0.004523277148880048
0.3146548262059566,-0.0017286260514930143
0.3218308487758599,0.0032255689677094957
0.3604771937821738,-0.012419660410508444
0.37273058794849645,-0.027186635978500004
0.3848043240335667,-0.051854268925848594
0.38474075342618835,-0.05515728278622435
0.41287262732230573,-0.08336987766734448
0.41244028053774034,-0.08352031912680613
0.4484821818095112,-0.09325044612858646
0.4508209020349091,-0.09009099419247885
0.49369211604783025,-0.10454421737928285
0.49362913540489095,-0.04147481856296739
0.5185505947150462,-0.055750115088257536
0.5232989893579232,-0.04998298068025603
0.5260553039911872,-0.023931514950056174
0.5278624844171426,-0.011686788948413997
0.5390679730681723,0.011141847176841415
0.5423624262324551,0.013952110819378336
0.5834945983080482,-0.00821881060438024
0.5864931175603254,-0.005118687138001843
0.6364730169339514,-0.026419494549400707
0.6363821088974967,-0.024950663297298253
0.6624802095910834,-0.029629080572822368
0.6643753171922964,-0.020597398499932487
0.6871908096864132,0.004320396895227681
0.6865846990841529,0.006941442371404663
0.7343482491171748,-0.001161796182366573
0.7344317001969768,-0.00035963731523753865
0.7903868802512963,-0.009936092835909406
0.7945966437908624,-0.002497926016257465
0.8214078265588457,0.004384052147148483
0.8315616624114168,0.01157216413236982
0.8531706412444047,0.052782054396586425
0.8516574586174859,0.049729129401172745
0.8978198576701979,0.02194140863366481
0.9052550777739102,0.016284365377106282
0.9299581865226216,0.04183887287067735
0.9310539078235504,0.047634734928758964
0.9814265513122178,0.04045216529165603
0.9794378279335987,0.04607258093211278
0.9909480035449806,0.04474565444250886
1.001808575570353,0.038148093291002105
1.0669189370754206,0.046077522755595714
1.0669396108104243,0.050429467027218774
1.0845927778071807,0.07182955192568664
1.070656847300123,0.05696765569506513
1.1252736620878503,0.032604428000955823
1.1304432787883119,0.03517307531936397
1.1468180645679584,0.09580805942560343
1.1446383252584245,0.10358898589210633
1.200615151085042,0.06607034413747657
1.2063298563473113,0.06904440270037296
1.2595369340272733,0.0571068968030498
1.2624645987699687,0.05997305189536775
1.297122441362159,0.08694493500175722
1.2956208508395188,0.08981698251859516
1.358971313231774,0.0619643391773153
1.3583490030048433,0.06271727483335324
1.4125642121629536,0.08941374487218617
1.4136095414381373,0.0992338976074016
1.4339955846069365,0.13013810636998857
1.4313954026570732,0.14196791401840295
1.4712927001259553,0.15388022066635626
1.4671981652696646,0.15888917985777487
1.5275825301625157,0.13576804202141063
1.5293536790367486,0.14016789504354105
1.5741903052085986,0.16550661215327872
1.5752225589560944,0.16289677212157988
1.6008523248013025,0.22442513822270874
1.5983886920011925,0.23378127164404952
1.66475653625831,0.23870271475217736
1.6675809809103017,0.24021772625440754
1.7262027064855563,0.2358553919250177
1.726789257573465,0.23841174450892963
1.7814052717476563,0.22973532030763905
1.7703456392967927,0.23055655100673222
1.8245329510963848,0.22798635556515073
1.8226221206548654,0.2429040499765865
1.837930407555634,0.31908472394216214
1.8393313949133623,0.3088342929684116
1.904766201739003,0.2945869851219752
1.9092113078925874,0.2746842618940798
1.9600666922963277,0.2815009654651209
1.9632917977413642,0.2691036958988724
2.007366160859596,0.3063828839384347
2.0101362513166006,0.29980719859174304
2.0793229196103717,0.34016783878541507
2.079309085392884,0.3392786932656473
2.130649001342198,0.35924609009022
2.1331572400529146,0.35822391171851853
2.16115763426995,0.3999970348011365
2.176317064851563,0.3976726292744988
2.2071691412915295,0.3831212983633217
2.2062983864267984,0.3845071408946218
2.2609134983901806,0.41960115156855216
2.2606432338783526,0.41206114248547504
2.316568509493936,0.4468317856942226
2.3206002243145707,0.4622954496911514
2.3638658815268783,0.5081609339842265
2.3610899569144976,0.5023845460742351
2.4055239782797195,0.5050117786466957
2.406486172248431,0.5069146098056452
2.4632541772451577,0.5260644521406741
2.4610439696632356,0.5358054039476929
2.5245051027285514,0.5450870852509859
2.5217957063357463,0.5476537065823951
2.6078865305490506,0.5628874194956539
2.611512148385937,0.5585707213193166
2.6449319064615526,0.6263596764512175
2.644836549385241,0.6249445476707268
2.711189326232373,0.6224608515042296
2.7101101364956817,0.6242684017776721
2.751455768155751,0.6351927408743082
2.748358464543677,0.6408509807222801
2.8010144445286147,0.7016130570858724
2.7973198649800026,0.7124758683419667
2.8529819515402224,0.7331143326739277
2.834839296537024,0.7238419200360715
2.913372278477099,0.7389386525089258
2.9148155073469746,0.7379076764471739
2.9671348547345846,0.7780208367302713
2.9623370685536097,0.7801411741330162
3.046053676336052,0.7675251680299274
3.0463515725364987,0.7719912644461011
3.071630851548685,0.8231438661443348
3.0677770728336102,0.8255702560470688
3.1371471066756587,0.868267522801314
3.1261009278720175,0.878883775823253
3.201609710467212,0.9012688781008369
3.1914810950977683,0.9088126192980819
3.2559848391853796,0.9130223991044412
3.2517139737234317,0.9050175726319867
3.2969135157860787,0.9667873972597053
3.2916230172374896,0.9766128878592518
3.3418491414184324,1.0173781864966192
3.3463170826719075,1.0159702363713723
3.421284844659201,1.022555093979354
3.417497395444402,1.0241400199914152
3.468104389618268,1.0702636487608856
3.456656143102481,1.0625094844834289
3.5311321455534594,1.1023944444505656
3.5280090052777524,1.0976592036107782
3.5749336269957985,1.1373168247986138
3.6015559450712225,1.115244362154793
3.6296425362784785,1.1340659513263989
3.6204364287143957,1.1343014613356053
3.707836691104711,1.1757398411007514
3.707506950144181,1.1727353020375526
3.752294228503452,1.2485923842396305
3.745494936751108,1.2699863543471925
3.785774286450629,1.3104088023963318
3.7792362739147833,1.3085338665371236
3.877088462337433,1.3006483623209018
3.870880192555893,1.3143144860035503
3.9161060612935983,1.360030395554484
3.91888174118238,1.3463580350470818
3.9822111123966932,1.3942142128052155
3.9796521385798833,1.395937289372929
4.033944733498781,1.4281637331795332
4.031551572614861,1.416873819455042
4.092061327683755,1.4447611872810988
4.079637205165891,1.437468128759497
4.1479958121722005,1.5060429053744775
4.140305870260727,1.5041005443543625
4.161498150239232,1.5906137194075116
4.179280324179578,1.5544693619764565
4.2572792495667136,1.5479951574976396
4.268226218646663,1.5342060406576887
4.301330174888411,1.6092200209488012
4.3087179996369205,1.5839722168406696
4.349541277432826,1.6746413321698232
4.344026588159084,1.6647256444377725
4.415512181758174,1.7189001977891278
4.4103545567505815,1.7201517283501842
4.472909549094984,1.7565463753653285
4.48474067021552,1.7318198260296351
4.551938546862267,1.7975099486117385
4.549737587650923,1.7969833915682987
4.608469007375769,1.823593707513422
4.609737805934504,1.8197356018047297
4.6237597811230575,1.8808729837472096
4.634173973351585,1.8680822344761827
4.675448238087519,1.9386479695831118
4.725027990046566,1.9002923865125971
4.780732566071181,1.954682262334784
4.779655565217617,1.940636787164284
4.832035626579876,1.9936212684754624
4.834702972143343,1.9854635774494942
4.88621291665016,2.0348851554770255
4.896185083903453,2.021967802727843
4.929591737388748,2.057335162916704
4.948545561038863,2.044872753415742
4.995569611676929,2.1103390269705136
5.0033929110565,2.1197472811305524
5.029819782791039,2.1689102369427404
5.031530935132964,2.1863297973577316
5.108670335791052,2.1906667270352544
5.107223660525382,2.1839232026504973
5.1492237975099515,2.260900896479394
5.14133455248091,2.2620798280275585
5.199241960883866,2.289507189152664
5.193492999816114,2.292211220940054
5.274866636410905,2.3020773800228644
5.281801435558727,2.300921535725798
5.3323925304532125,2.366807109518473
5.32887249912679,2.3857879702106644
5.388558322850636,2.402415349609169
5.4239432669913175,2.372405660235361
5.495289309834208,2.36735909446778
5.496506096171148,2.367829997083536
5.519913518827606,2.4791708465783158
5.516079899121105,2.483809636244628
5.522537070899971,2.5546443326188424
5.577001371228161,2.493500595657907
5.625847889761023,2.5787185511704136
5.625762329905204,2.592168840032569
5.700367478965592,2.6016993483133106
5.708041906676525,2.6168786346410338
5.760013234368204,2.6637713399979774
5.759757135430198,2.6620802030799013
5.78722172525602,2.700947473226947
5.783279848675059,2.706154457705225
5.867404938058766,2.7166441593536046
5.920553022349688,2.688648687376374
5.917321755520766,2.771401647766112
5.915202051413945,2.7717126022795724
5.962289402246816,2.7842641949795572
5.966975731738572,2.7787477334136073
6.00859863968994,2.8642784596587756
6.016967596155438,2.8598562452431446
6.084009141419819,2.883253780846132
6.086032167735787,2.887023095508636
6.11726245354288,2.974240048815216
6.145227802025292,2.9426026911130774
6.18264559410998,3.013084838688551
6.183160980042025,3.0323103363160184
6.2444361034979,3.0507845174485646
6.244670824361398,3.0499385980383273
6.332854612415422,3.049258187655003
6.342729589331922,3.0634197781872765
6.389873733326803,3.1132507048737006
6.385431695750816,3.1215108442540105
6.42437908354046,3.188875817814747
6.431494377183178,3.1849669448881515
6.465159750220204,3.258426991921836
6.483373421871475,3.2260302537410026
6.55797655761919,3.2965973946178617
6.56529480441373,3.2950582538845197
6.609740691408549,3.353407907356286
6.618869098358012,3.36024799724353
6.680022561420408,3.363820731206623
6.694913405830808,3.3461988106604386
6.734157094773883,3.3957748706961732
6.756557812675517,3.4068823517208786
6.791591850745221,3.4641888918433437
6.790232743830019,3.4719926076994896
6.81961754599311,3.597656528786398
6.818128769118651,3.6079420780116798
6.90914854224509,3.579221904021132
6.914477947744656,3.5741413359138043
6.966981090816371,3.606115892036996
6.97411594089831,3.604077567800736
7.049301384985004,3.623376072467964
7.055990931620938,3.6349850196450344
7.090766257180094,3.698788662591306
7.095618439831715,3.727212614457495
7.150443023383393,3.7863074928468845
7.1640901057968405,3.7769076343462924
7.210977404721331,3.8016255793392157
7.2206614312510045,3.79981751641947
7.289165845905267,3.7952448752469254
7.2926125945975775,3.796176044157251
7.318332992889449,3.876420850400632
7.31862681728447,3.8801006258043125
7.402208067179964,3.896613843378308
7.40326107817553,3.9001524878081746
7.4387116870945045,3.985471617918314
7.433907423605208,4.004193827514757
7.526877331694039,4.0523072883991125
7.528763353731851,4.056569266934916
7.583865180696767,4.059519727642408
7.592732146000684,4.041721812987246
7.64881794856672,4.115492775627287
7.654396355245963,4.139339238188582
7.690305392867175,4.183064407667913
7.703522945617376,4.193812173112735
7.7821592959536705,4.210634871042648
7.79377065078065,4.218162485566997
7.84041346289813,4.243922303393872
7.840049343786004,4.264862537217412
7.900458000411592,4.279082507919832
7.902558565357804,4.28065772036515
7.942973385869272,4.3408990288105755
7.97018614473035,4.3425522074054825
8.013743025591703,4.378440707702612
8.022964409925914,4.3731307807884034
8.083432076159221,4.422285662959838
8.092706445336344,4.421183137940577
8.14208803095982,4.471565406990399
8.14701808500209,4.4804998464921395
8.190393041407146,4.5053905745067135
8.195773679624963,4.504905399317306
8.256132925747169,4.547407008250209
8.257626495037478,4.555742992525831
8.29729858780155,4.600282538394268
8.329246823692579,4.589342718306454
8.385606745552861,4.6759131106737355
8.388496201622146,4.700995919820455
8.45271184483454,4.715611639798983
8.458574804011445,4.73822949277698
8.497033703715942,4.807075830662497
8.504362320085805,4.8127556063956245
8.555118137316292,4.8369179758060685
8.566951376503138,4.842508899523898
8.647761260238145,4.853366590733006
8.65004560897562,4.854638694659258
8.686265698676724,4.870629281425958
8.693787379816577,4.87962252908158
8.754416292331623,4.946504853259291
8.792040742201946,4.929008063437497
8.824111321982583,5.013042121172994
8.828783542273868,5.026137788879953
8.860088628381206,5.060935841277507
8.876765765085322,5.062854922229789
8.929697878953103,5.096673224690158
8.94809616081848,5.0875144343397505
8.983227663739823,5.156136414972984
8.976002286211004,5.20859857607679
9.02548370258644,5.229102180897063
9.040405036467867,5.232854978916238
9.084983876330828,5.256982589636245
9.096576428917848,5.282019036765665
9.15873976631644,5.301654246800257
9.173524155424662,5.308799229455946
9.213426533216202,5.374915026937145
9.21993670626336,5.37289233985079
9.271918875286435,5.41463269175169
9.305067750291093,5.401800427590015
9.347519064566843,5.4420991241065595
9.359282290820309,5.444148180229982
9.421286476975622,5.517238907753238
9.450047037324223,5.509285566725829
9.504352020337784,5.514286956936004
9.506713884726107,5.544128291286063
9.557215712884302,5.598076718316764
9.576084563401785,5.591077797276033
9.630118939497816,5.592613744387491
9.642902739784482,5.593285134925885
9.690577756125839,5.66494769845641
9.718102960267016,5.662981962805834
9.762173938616677,5.693992104031482
9.772494359376738,5.703214926283012
9.829856159785262,5.753241428519106
9.83761180914205,5.7561141558445135
9.8793399454894,5.843660307318877
9.903251911244084,5.830973549689346
9.952738380695212,5.862837162841933
9.974071830362268,5.8764163136080265
10.036944624240798,5.93868269038287
10.050838152401537,5.9390334121589925
10.081446200732367,5.982942511404075
10.09132796484652,5.986569132245481
10.13420301660511,6.00174658564529
10.14849798568554,5.998027050449466
10.217744088802375,6.014294838619267
10.22520025836987,6.020601927057383
10.285587065912303,6.064808757024705
10.307401608296333,6.075973991210015
10.332969290603966,6.112758747263472
10.33619666190992,6.153495178306483
10.382081922100127,6.247860692444066
10.39206842238989,6.251027926920253
10.466665870473939,6.270754523284572
10.504218134776965,6.220642375648414
10.564224690476685,6.270291059550537
10.571081976189447,6.269565642118952
10.605138009498882,6.2936144639524585
10.61039933609043,6.292529588284254
10.677094305561893,6.351976531188101
10.685326138775675,6.37165375577408
10.74189320237432,6.371060093801283
10.761867360790506,6.3674836974659375
10.795886778421508,6.442914793053376
10.807258629458023,6.446958904212971
10.87087021109269,6.51791420038369
10.87240404546211,6.532857762893755
10.935849688150954,6.558193990852213
10.955375277540528,6.5621648344948165
11.024406177582758,6.5641045224702905
11.045936041734603,6.56140201435618
11.094567648374786,6.614296781409114
11.112054735102976,6.6255089128431
11.165138861642147,6.64632552614659
11.168953934498546,6.6475441192695905
11.208377460396575,6.7069837795267615
11.212688227156278,6.753253259319744
11.254239764224595,6.776314310586781
11.278333683519978,6.793437556929233
11.35039160416674,6.8242477253527305
11.356068807191777,6.832833465361658
11.429534890527659,6.859755887845937
11.437009540470573,6.861595532868319
11.49636452852461,6.907275064611421
11.516512691400994,6.890276076580927
11.570585272189195,6.89711923410568
11.586160256591025,6.882906021780024
11.666637166158019,6.913511841330716
11.668379770810759,6.916021482721618
11.707226288802968,6.998595732336409
11.723941224567888,7.054412405765873
11.765676924868924,7.082583089722991
11.770316254750274,7.075402095157101
11.86425973354894,7.090538665340373
11.86852922302826,7.078011242353558
11.909830142126426,7.089994914340779
11.909335729825484,7.06958173707877
11.968931687090771,7.158332077469398
11.994354485329787,7.173934062968777
12.072984430933172,7.218769257836382
12.06871780867041,7.245817712954644
12.160940496915444,7.239361335493879
12.158547055198891,7.23800070402106
12.213888689358576,7.315116380630963
12.220494761874582,7.335055531738317
12.275671120812593,7.363929600493548
12.283969494447968,7.359532615875144
12.335056842921563,7.430190598585375
12.341209898797436,7.457417956453235
12.411537675942864,7.4795706540823765
12.414733007684982,7.451816841758749
12.474573328379307,7.431778040762342
12.47773515754943,7.424225704247536
12.565357755378583,7.454160797479728
12.566133698480396,7.458034097556442
12.625441611348883,7.502513408324019
12.63512600492024,7.505719568068414
12.678790486435433,7.5779633354328695
12.681529888886633,7.579463988752225
12.774088422762127,7.588399849895092
12.787067804272407,7.569286272099078
12.815909785281425,7.6668809712972354
12.815286915076092,7.660066147329555
12.921422071775671,7.662501016935874
12.915629394148594,7.681190461138069
12.985502024871193,7.747171863845616
12.99056390226771,7.746453336289165
13.062322679626625,7.7671720043499946
13.067823272954406,7.776952128677845
13.13497813069367,7.831488839495034
13.138076570526511,7.832217201392663
13.180660749642907,7.830495564288113
13.197120643665036,7.818255024269863
13.260462064535817,7.895570729520597
13.26683976324078,7.8400464444656714
13.328387153689484,7.8278949562467055
13.33956470747386,7.8386648531742935
13.413690421008758,7.959013144326122
13.420898222243006,7.9940791447245125
13.484746247010099,8.005930141211023
13.491146703629843,8.003772438380295
13.549502695087385,8.058046985157866
13.552324341924683,8.05661331527986
13.613849180833755,8.074043391307033
13.622226577039717,8.074474605544445
13.699332915262577,8.129343183058918
13.706885185975048,8.161377483580816
13.773978725373627,8.188814062675828
13.784746550516482,8.194924614489382
13.860524840406319,8.15786439665256
13.87731639362378,8.155798798670602
13.95925245089372,8.151556111106983
13.956741884503172,8.155555247751348
14.038052270452622,8.153686487399018
14.05151024577353,8.17608346080601
14.077227808514433,8.22317912057574
14.090460992357665,8.247024204850288
14.181515893706587,8.299169880643479
14.188455976516998,8.29162173523076
14.23289537877706,8.3040918432127
14.253271399440449,8.30668504196919
14.326657052028022,8.346407278726439
14.345258933136295,8.352583389667059
14.425930122723077,8.374721269491014
14.442963517540973,8.37931111264782
14.484210672630702,8.439140100085385
14.49338970888921,8.43423084585853
14.56321196388825,8.415542416771526
14.568816989651314,8.410730553582454
14.637211830697343,8.47147295305664
14.641597605736985,8.484491735734931
14.70553647588146,8.462928878616381
14.738643772169638,8.439576520458017
14.810843724492315,8.486018454342139
14.822190108580532,8.487604382033126
14.875641496906608,8.538779711533655
14.882291366640555,8.539968880723157
14.935348756545903,8.578114676776678
14.940293971873995,8.571119732279124
15.007034505965153,8.540199293974002
15.020111617029587,8.51743090324766
15.083945519452449,8.58341287934803
15.114329516941478,8.615878415975514
15.256380442329665,8.617878479949663
15.27429325301943,8.614122435812513
15.320534703496067,8.649396457214662
15.324958080733365,8.671390233256105
15.3902583724359,8.681874283225103
15.393317415727955,8.692452020913356
15.439686419070917,8.750088692966386
15.463919517661202,8.728218873029421
15.543392817182957,8.733847957816455
15.545336275160443,8.730862232289407
15.614103606911872,8.763836623120936
15.624152176088232,8.764123357547724
15.67831654036715,8.769936596469782
15.67242399763262,8.744368463826532
15.751807133766876,8.757527222351941
15.773190894048275,8.747206682367258
15.84336916182043,8.768864648678008
15.844584047704345,8.77607629781775
15.941360871740441,8.780920120232544
15.946764853415761,8.775010738841038
16.02426138200757,8.830457620274508
16.030002001969375,8.82335010006215
16.12190274623451,8.785477626893206
16.13029234137994,8.774083022183396
16.18619039061249,8.793642608945682
16.191686525065094,8.837049761278882
16.29110379252233,8.821267609380289
16.28453537024587,8.838653171285486
16.372644577489996,8.827301545657395
16.37499642157058,8.834200830375757
16.47777224648174,8.81019192956407
16.482801894549112,8.796313406395141
16.546232518763656,8.830080775718766
16.56072416586408,8.834897617466003
16.642540605085035,8.88606069850796
16.626954508456002,8.876691927193368
16.709788409226295,8.80245299601855
16.716287267051026,8.826171749341617
16.779426180035887,8.868059198076566
16.78829113777268,8.865876625809717
16.84367126276463,8.856490250757192
16.856516796585005,8.83696683267904
16.994303576400178,8.835882832620936
16.999025224370193,8.816903078024657
17.044157085923445,8.884381045294397
17.055195154981,8.836833858873534
17.126401594544898,8.883804265390985
17.131293239610493,8.882597012561146
17.219954745857137,8.851037037169586
17.24413297642772,8.810598891104831
17.458348701149525,8.804965721645626
17.47073533096594,8.801126677514338
17.57526311632944,8.806357539142414
17.583525732032726,8.813021211352567
17.63940333169772,8.84152716557608
17.63355960428818,8.81570558021361
17.746864720023225,8.771940068149224
17.74898536544693,8.781378942885095
17.79228072148719,8.787925851268321
17.78583557546793,8.788644867541079
17.89506115962312,8.745581760679096
17.891167201860057,8.728324040159174
17.993972894057215,8.790435303894768
17.98926956945404,8.800351546497241
18.093818307527602,8.782952531467863
18.092413074053066,8.788354286151353
18.195646173001823,8.72501103703973
18.190354526532012,8.669560640673685
18.25744257939197,8.728702770079504
18.25873344814906,8.75558884448049
18.33522603760358,8.739337096931635
19.045273504108714,8.473541694613438
19.050375296887957,8.461098576958547
19.167772425699386,8.455522674611245
19.154630742430182,8.466927628217176
19.271773553192784,8.475066818259869
19.285476166123164,8.48462998858862
19.303382174621923,8.37968263327649
19.299876111465853,8.395445252065528
19.362826750230482,8.331354582891798
19.35842801491195,8.328146094545662
19.490013758258534,8.33981591768046
19.45958087629737,8.312355037120918
19.530804811442277,8.299913481268659
19.533318782036478,8.290835868413472
19.628839534416848,8.269844959269212
19.646405411643542,8.265807435289226
19.727457931571383,8.24303101956461
20.30245235536627,7.984311368165115
20.270293455344337,7.976726684273463
20.364406999405784,7.983584275236386
20.375031863460702,7.977065302870615
20.45414669844262,7.921661798072553
20.45672808459957,7.923926080196762
20.529501952169035,7.911643280415666
20.511047228948637,7.854152190237519
20.54107731125536,7.846542772615084
20.542911926920542,7.803516295559819
20.59302514634795,7.760506800744958
20.600524228106476,7.754750390412487
20.760641239967374,7.796062641845478
20.760908323771034,7.801141628267827
20.80108557690445,7.7317013346832395
20.813082431644137,7.703095205591759
20.85368992767888,7.66924920711286
21.551867234523314,7.12954509764754
21.549747947119737,7.129220787175674
21.605312152841638,7.048397206975481
21.60914938845573,7.03752071376211
21.692926062367462,7.0275905827681315
21.70379174895251,7.033442967818688
21.781911043504877,6.994686300285189
21.77210210835397,6.994179686084207
21.84762031512407,6.950328245785805
21.83708672400811,6.932449533079112
21.86343674501613,6.818705102873638
21.86391496304648,6.821896080118148
21.967400261591443,6.773876091894636
21.98027790448002,6.798951818073837
22.071937311849254,6.789524459025173
22.07469964797868,6.792931724683397
22.48980507331973,6.340515441406166
22.487590336227935,6.338203336554951
22.54682069018672,6.277783129198007
22.54213579152629,6.270444882822165
22.61027256145239,6.226933383092296
22.608404548938907,6.226129437820556
22.669651156146703,6.167308245819346
22.67249733949728,6.1557839400416015
22.74738202882247,6.1081920825626845
22.717835114143234,6.096927031711257
22.783238626124454,6.027236506007274
22.779431284136347,6.026875556792768
22.822234834332953,5.9271705941207555
22.834618545149667,5.9347583906493515
22.883879406946804,5.877470794964587
22.879792446642842,5.881337469858721
22.9566988530833,5.8542474204539
23.36445984673233,5.296955900627793
23.36272467232592,5.293821801533712
23.400068185770575,5.209026397763356
23.40205579819033,5.205941104895785
23.456813795553977,5.159992466328015
23.455459319337027,5.1576771166290865
23.492823978446886,5.062074353598461
23.474734703639253,5.035450328323597
23.544936464140644,4.981721095769695
23.55034142030888,4.979642062928442
23.609642273781045,4.9233249795768925
23.608126994869554,4.921045864269413
23.67404844680463,4.884161136510906
23.669360567384537,4.859255932963232
24.086209469918867,4.126155054125013
24.090015367394663,4.119411497839792
24.144987262631645,4.072833429148118
24.13510893847525,4.064578899898953
24.192557836224054,4.015068033030015
24.204578114741864,4.011903513414459
24.21878224725169,3.9307899013837035
24.157147679327814,3.8614601998021096
24.198571799110262,3.8032928998469244
24.18590242945648,3.7803107259816793
24.204892317625195,3.7189555001043
24.206648016314677,3.7208264655779444
24.288846689610068,3.6498620377096334
24.29719245647091,3.6520947448984353
24.357113893865883,3.574794564995121
24.36338696746522,3.573284933695215
24.4203367338991,3.5536024839689637
24.598707096035778,3.024280531479582
24.618454232441838,2.9842470887019026
24.594392516235125,2.9555078354236013
24.633425873585722,2.883468641877716
24.64010722451403,2.880079423887309
24.69878270422907,2.8310065753569176
24.70470612314692,2.815273674197704
24.71205619617851,2.765235680046241
24.69973742302978,2.7508131235364743
24.745614581490297,2.6773975876067726
24.749210758635456,2.6751369869448727
24.792400961090507,2.6080067602527164
24.800664132936998,2.6049007746753015
24.83173615794113,2.520985516319911
24.98202686875789,2.024364917638401
24.98149284592389,2.007014298866814
25.02176557153923,1.965422314827147
25.01864446557817,1.9645999310682847
25.05124309399487,1.9262923013550748
25.042207288524132,1.8844735024252277
25.054585545591824,1.785205350461927
25.057911364284983,1.7636306353709519
25.090130190172022,1.712452021757866
25.107181549630567,1.6949018930671265
25.12470649769579,1.6306849535883743
25.12157889756323,1.6234550183229297
25.13644007900031,1.5644860506460994
25.193313938138456,1.1707075133976887
25.186952693468303,1.143725498027285
25.194169491799894,1.0383754849261528
25.180462043306044,0.9999616482251832
25.248386260789957,0.9717995673409418
25.24803795025375,0.9721088722148491
25.25820119537996,0.8872914083008405
25.259517447010793,0.8659187844650048
25.261567864834095,0.8212123690153572
25.261097568434305,0.7980672003986652
25.2699931744654,0.7350851025215509
25.283644809803317,0.7131999328014259
25.323471511060077,0.6524235863698143
25.483738634446382,0.0142634389401545
25.474239880349895,0.015763212054754727
25.513568713964386,-0.09135741091989538
25.52088287301961,-0.10727190735884164
25.498939821286832,-0.1664731262077337
25.505683167580454,-0.17297113373333467
25.52503847458745,-0.23719753681549088
25.534565124493366,-0.24906670386938126
25.523992274317372,-0.33531986810288983
25.520126203375575,-0.38610544255542645
25.506555288605902,-0.4425235998393936
25.49672458353404,-0.46309828364552125
25.533802572451513,-0.5333812441675373
25.534711274394493,-0.5379354900916298
25.604326195793075,-0.9555940123226385
25.595403560263094,-0.9655105699607682
25.634712602686076,-1.0310291668225087
25.607337896852492,-1.0522181673657693
25.594787312777527,-1.1150543231076147
25.578587343940317,-1.1230204065691352
25.589212056774297,-1.1906022321314607
25.57645020511379,-1.2192775533896822
25.604980004526325,-1.2943923536891118
25.5912842099458,-1.3004384660645825
25.60125117788002,-1.367525918071853
25.59762760774221,-1.3704745288559614
25.65698254558363,-1.7844434779984892
25.650383111688598,-1.7923078491444493
25.641102713665358,-1.8709244874993298
25.611426765853675,-1.8905468601448017
25.6123036014555,-1.9789183718116392
25.609471985438663,-1.9886681565074285
25.638998662177585,-2.0590859949695086
25.6157647008695,-2.077717641923668
25.60846752809763,-2.1464421362152746
25.591465257904428,-2.151742622595978
25.613025275149223,-2.217319235249026
25.592294278091526,-2.241381037820441
25.528970779667258,-2.739296711985628
25.515429290600565,-2.7407803383749823
25.53639355893715,-2.828649767333855
25.534662944823385,-2.83419540839759
25.601295122946137,-2.9010600005960874
25.581733815811003,-2.9166014947402785
25.519509483524335,-2.9821588270179156
25.51349473103663,-2.997860202270841
25.537248881497494,-3.0676862984264175
25.535975970384023,-3.0722102684413826
25.555495772238054,-3.1235565446260356
25.52792433359996,-3.140686733806049
25.531824845038944,-3.1993587528308054
25.53452080512977,-3.2046875990199557
25.53355635301911,-3.4698272098124794
25.514903185634005,-3.5121912483396116
25.556644164457094,-3.574444462848261
25.523650963995248,-3.595165963923451
25.52466035703018,-3.6582339045248045
25.515844786620796,-3.659990132237268
25.46977078728436,-3.7577819770601564
25.46468509311993,-3.763814801749998
25.46719476325792,-3.825864599406784
25.461210730263353,-3.828245364550577
25.40212150907353,-3.9404669200353704
25.398724293481838,-3.9533639087517796
25.36698641077453,-4.171422021027212
25.350884930603826,-4.184283973260014
25.346636775352554,-4.279582029283916
25.34971589426825,-4.286076029810665
25.25992918752653,-4.388254942438109
25.239236807924154,-4.392963240911687
25.313158106901682,-4.453503040655994
25.308672585786567,-4.477448515092735
25.239624459870463,-4.535747607512521
25.226227670296115,-4.553657611028841
25.24974908119431,-4.614126553549917
25.127100594162076,-4.946710700211135
25.12795853961822,-4.949736014191859
25.164234404519604,-5.001629836606838
25.161965078907695,-5.003928008982443
25.125505410682184,-5.098325039857918
25.095495199581904,-5.1248502238734766
25.08872012030152,-5.201323693639983
25.078089005839733,-5.207070385507
25.05312304044597,-5.265500503523309
25.040707808814517,-5.274106604776589
25.01616170682008,-5.395262635244668
25.00872566795555,-5.401955018160001
24.90539747063716,-5.600067670040513
24.86886661500644,-5.619229579394186
24.863056676627608,-5.704514864330713
24.85920410559203,-5.705988271722569
24.819541328887464,-5.740972175727931
24.810080557629657,-5.744862570151568
24.828345258585095,-5.840663758680466
24.835519690907844,-5.857677285270401
24.80554922770389,-5.903925255017804
24.83173450764004,-5.931911218389204
24.766637975868566,-5.981761743826141
24.744550579417034,-6.230898232334508
24.710338705853403,-6.310469310825473
24.715499473419207,-6.31313301092341
24.617661016493546,-6.363352237487026
24.66534447418726,-6.39993664374964
24.628392525477846,-6.471066142207505
24.660134405522868,-6.488419837099338
24.642667439699725,-6.544554131428037
24.646574133437568,-6.552169168911316
24.587619398939665,-6.637202716841036
24.589734709427603,-6.642322104122213
24.449611501836472,-6.965488726127067
24.452853962706758,-6.9692825586862215
24.424492782142107,-7.005573541590049
24.418437543175198,-7.01372306095906
24.377728361622594,-7.102676250650573
24.376597430078373,-7.1054000637512775
24.320321598827775,-7.172094878197766
24.322346028881576,-7.183051381303328
24.291603778516066,-7.270392967852141
24.27841789481748,-7.273537391137755
24.236554056679978,-7.34942515978289
23.967656693124834,-7.821450045714837
23.957758039228615,-7.814429640113041
23.89241304332759,-7.887819768607086
23.888292339205755,-7.8890935180133726
23.874455043576976,-7.9268011015697875
23.879953607424927,-7.924701110614865
23.76724461386464,-8.023722631267717
23.76686414190465,-8.030380030860181
23.764441480334035,-8.095050094111848
23.75674189196383,-8.089642036989087
23.685829616798692,-8.150536169077977
23.690303610344483,-8.150538164111683
23.460012454527675,-8.633105670627877
23.46538962420983,-8.640305621001485
23.422592667342244,-8.679840174316048
23.421404075705865,-8.677766301825793
23.371225096829097,-8.71865241264688
23.36151014375826,-8.71200785824964
23.304097404867758,-8.774881704659837
23.287567712883803,-8.782136016782433
23.30656636839015,-8.924653872506784
23.3120347927146,-8.933176571666591
23.159201688751246,-8.92304752196389
22.87234997448297,-9.458555420662364
22.869689579625657,-9.457449215214886
22.802544984570993,-9.496614018713403
22.792428364461834,-9.49105397528373
22.76077711809223,-9.565728096684246
22.759812667548626,-9.568938766832702
22.722691363166103,-9.627267321908691
22.70480198019918,-9.615860983588409
22.65812661660084,-9.68540263413415
22.649903553277348,-9.677534757982775
22.592794988403778,-9.732737224454663
22.58082051800616,-9.723192028253433
22.35106384407599,-10.0471597662185
22.34519187030107,-10.051494759163464
22.30591999749441,-10.122101083061482
22.298201271327763,-10.119677077689138
22.265242197957804,-10.151576593391168
22.26371875198765,-10.148473849150198
22.24069409054929,-10.24733858863061
22.245012745564104,-10.252260256790652
22.174683985669123,-10.283457962361965
22.169898445107137,-10.282827732667583
21.74956096277648,-10.602493441837936
21.735866093612334,-10.59496660102334
21.736268485486637,-10.650624396302803
21.7282060929989,-10.642967299719604
21.662077411804727,-10.750257135168438
21.653325731690405,-10.75625506176475
21.57616672757976,-10.789988882515892
21.567841177450426,-10.787211348545867
21.52310390749251,-10.853727890818528
21.519578546868765,-10.85475879177418
21.47389437529846,-10.911243502746009
21.081302655759984,-11.246064725222174
21.078441279873104,-11.243716061400795
21.044793208870967,-11.30986704774864
21.041064813730323,-11.308659088737537
20.956845171897083,-11.342325141308589
20.955174459947525,-11.338427353626559
20.889086470039924,-11.384861168541365
20.887339267159433,-11.380448413583073
20.85295781968082,-11.41744156655117
20.844516505166737,-11.422143964688303
20.46865150676145,-11.718421372935493
20.40832951556802,-11.761232930262873
20.393662396326473,-11.759756028951571
20.322360253774118,-11.816567403075942
20.320556490190015,-11.825512362091214
20.283148857720317,-11.84316579326581
20.282134314765976,-11.84340741994985
20.228445978409347,-11.886344366612269
20.225902088572845,-11.886728485731242
20.154034054275364,-11.974064679948352
19.787698753948014,-12.140554007950724
19.78683596280596,-12.140889946689954
19.71654285607566,-12.211404957666376
19.713485271415703,-12.2126651858807
19.657603888345506,-12.256977107213952
19.657283846209864,-12.256313860396167
19.563002819157344,-12.298333872277144
19.559880056878956,-12.298701468891037
19.49292517102098,-12.334119333803251
18.777292879642722,-12.79576422471557
18.77040774950982,-12.799205391675942
18.686152329789646,-12.81109863200674
18.68549779227154,-12.82563953502249
18.619380612175156,-12.880193244540159
18.61731480723523,-12.880298924106272
18.549535103078682,-12.885206915351613
18.545017427469823,-12.897414046138167
18.484954543386852,-12.924222436795784
18.48131560231598,-12.921323342651467
18.397297238381718,-12.9931790463297
18.028007220207645,-13.160805145061762
17.944748748748314,-13.190895191120312
17.946677615249293,-13.191739149573662
17.866700956395192,-13.194144477466223
17.869048955751893,-13.208861036500629
17.79010361419624,-13.231359872644765
17.786496812851237,-13.235638686078666
17.720830118913515,-13.263357081236798
17.71811208563729,-13.268341468184428
17.10190896943452,-13.564100662975726
17.099385672502407,-13.569656734753572
17.00764315666481,-13.580499508145737
16.938826594872367,-13.622909327233646
16.937618795254178,-13.62759044772136
16.855950089399794,-13.659132956384067
16.85340764702417,-13.665703397425743
16.7903882075138,-13.669492068865544
16.78184478122364,-13.682616313361457
16.714606366236747,-13.691406806880918
16.14602875629506,-13.879833081387599
16.14384091673781,-13.890046315544454
16.07565056397005,-13.924333362447914
16.072361113905064,-13.924630227454838
15.998286678926334,-13.92755226262463
15.99763913530451,-13.926913996847935
15.924797468454658,-13.962605422891347
15.922659330032108,-13.970904304547211
15.842829126296271,-13.972161905411017
15.433007183021502,-14.155039163382842
15.357505418645774,-14.152775563843973
15.357683250033967,-14.15189801968737
15.277233495472547,-14.190333342959036
15.274939424439633,-14.198800292427554
15.193188891403317,-14.203902002015758
15.190109257162437,-14.220817332630116
15.135343392896553,-14.202448266856914
15.127708843761416,-14.230246586773392
14.226103985428482,-14.524125212402476
14.225126843727924,-14.525680299142165
14.136450389483542,-14.57820988957854
14.13324354024288,-14.5832197479695
14.0519191866264,-14.57506662191409
14.04543906616009,-14.581807469281587
13.974310305790878,-14.599587322393802
13.96722757016655,-14.605814225169174
13.886099607885464,-14.634826870946258
13.57919026535326,-14.702023821197256
13.497524772811795,-14.708299259822423
13.496190434422262,-14.70077670006855
13.420322161932127,-14.732228298238779
13.420042086848431,-14.729944690012923
13.343017144410293,-14.738125466392193
13.253887880920365,-14.775227466940848
13.252497965315856,-14.771890086374912
13.17369198168968,-14.714657410594308
12.587365211191429,-14.901613785904289
12.511113600436556,-14.924389804938857
12.436565993518348,-14.941966185914993
12.434537353295477,-14.946569363838924
12.348042240681067,-14.959919646014615
12.346920909163163,-14.960710599758066
12.272028070661129,-14.934455164556578
12.272114090678954,-14.972173772934912
12.200870189840971,-14.947724798608748
12.20347650952802,-14.950408442964795
12.102058545915076,-14.982136689840617
11.695912414818496,-15.03872453704241
11.611812904339269,-15.041814594892548
11.610058739050217,-15.04249185043203
11.525914256083082,-15.054632322389063
11.526499764159938,-15.054136491146343
11.44653704906792,-15.0886089528395
11.364268346344366,-15.102503257074671
11.364466172934334,-15.103772393994301
11.274364792840746,-15.112767587514229
10.857531461251705,-15.198964226738049
10.784296044910484,-15.192192922228026
10.779635127195686,-15.209789770975936
10.705670656807282,-15.194220695258151
10.698566158161118,-15.210485022823352
10.605400237126451,-15.227815751264759
10.603353656410583,-15.229179264078862
10.531688158939856,-15.229873787062907
10.284329083189599,-15.254577787632966
10.278117264983374,-15.270397293243917
10.196744833326223,-15.291755088759901
10.193304927263519,-15.302036407038736
10.114231627270897,-15.278379556613269
10.11291211406071,-15.277364010250853
10.037674511128076,-15.28460241476575
10.031644300519616,-15.29404784657581
9.456190496009988,-15.386466175204301
9.379535837254053,-15.371759220949818
9.377226234599773,-15.3698662490428
9.296223015079175,-15.333808724503111
9.295770573716114,-15.337240102574548
9.214374007469727,-15.364129430771621
9.210149395909555,-15.369365227748165
9.130496467421175,-15.395744046225664
9.129338117739817,-15.396906921788815
9.050979608591742,-15.371713032047536
8.710006496066605,-15.41179038962522
8.617724403371481,-15.435369790099529
8.610842699449135,-15.441575453993257
8.534859412126282,-15.449125785443151
8.455994354858412,-15.447647093083846
8.446965327845653,-15.464529240454558
8.368138156154773,-15.481990823522247
8.288342212585533,-15.486698932021012
7.806548530030008,-15.494325732015984
7.791869664474075,-15.531313802202074
7.705585643844438,-15.51383487549915
7.705460541949032,-15.526586452895922
7.622546135897444,-15.51974847519012
7.544784226185381,-15.523121976081267
7.543583424183717,-15.531062970071016
7.453542600042764,-15.506756169561205
7.4520369397446755,-15.50651444438292
7.1311101429570085,-15.527957512977423
7.031100303014954,-15.585822683502423
7.026490703702844,-15.58930970011877
6.956557975147483,-15.56126530126387
6.956255809068493,-15.561720996160933
6.872693971704542,-15.548336577639047
6.782753400253749,-15.54721749106029
6.3731369012619945,-15.558563871696695
6.373524018875286,-15.562222153690495
6.29224246720356,-15.554006317587557
6.208052463707966,-15.554663460716732
6.209664405483919,-15.56108612902358
6.125883763285456,-15.56154770571892
6.128489552326222,-15.558640331794217
6.0454362672396975,-15.558056668473638
5.361342566517799,-15.576084687102234
5.361064755458938,-15.58360637184626
5.286966369089045,-15.587436566173158
5.286956504243242,-15.595873337271398
5.212815670864086,-15.589003559968015
5.20706832010319,-15.597954782056572
5.121022771250256,-15.592329113743329
5.041265853156301,-15.571959237354067
4.703244265616757,-15.578850516435589
4.698058521876023,-15.579492611477216
4.625737007596655,-15.58211722042139
4.621080785558043,-15.588342385910078
4.537801356314091,-15.566477881574668
4.44994096194628,-15.604441455136847
4.449031582441544,-15.612018067975697
4.371768036731226,-15.57020413623417
3.942770842060084,-15.578552084521318
3.86782953574542,-15.592202554184844
3.778800833039972,-15.58962955238156
3.775029844009669,-15.594688936481171
3.7044339566042788,-15.548662357489032
3.6916717937721897,-15.57557058214336
3.6147788113142685,-15.589575579230047
3.615212316090832,-15.59950460188465
3.5440024298570316,-15.593677413302805
3.4513813400657303,-15.580979017780248
3.19918773859678,-15.591844866911277
3.192428535332109,-15.610903848955195
3.123294367370858,-15.549046602556384
3.1207112178609857,-15.552334730606141
3.041943143046517,-15.538379226362336
3.0339199201395357,-15.548108711715708
2.9514595668204384,-15.542438337684013
2.357333951842898,-15.552279410040683
2.3545346735242263,-15.571388379082169
2.285538480315844,-15.557569019223408
2.1898994654790647,-15.563489487760835
2.1889829581242974,-15.562806445379936
2.106103071010646,-15.563861242370688
2.1018521842820026,-15.578657664602822
2.0305220390587815,-15.538764089758224
1.9433791841951695,-15.544871154929874
1.6179007009234037,-15.541564238870068
1.5400216702576706,-15.513059969048502
1.5401158619572828,-15.51811687843843
1.443300296833805,-15.538107620899634
1.4417738354412095,-15.554453699732955
1.357736669478852,-15.540776549793986
1.2762716697658327,-15.53225536172741
1.2743200348592771,-15.532971078668895
1.1944222213973328,-15.549306851626227
1.1919436124296887,-15.551987585807709
0.7944952912233778,-15.496883706935465
0.7063493667830834,-15.491794274541926
0.6248860542111481,-15.485497798834519
0.6167685595219589,-15.504150544475259
0.5418459812146121,-15.486107058677131
0.541170993827877,-15.491957012427825
0.462083482585486,-15.459243726238384
0.38196299321231825,-15.459533334775207
0.37925301350564716,-15.46661806176669
0.050568017811195014,-15.434291200260981
-0.028205187924599806,-15.408366624630442
-0.11036066188568529,-15.381966899591847
-0.1158456600211247,-15.385384810655852
-0.18701584081608993,-15.39284152995803
-0.18887841625125182,-15.396071849133072
-0.2794248549077706,-15.4000014689435
-0.28820456507832665,-15.404227151373888
-0.45006655666159484,-15.349119225428776
-0.529192608039999,-15.349743331951455
-0.5334438154666048,-15.350048097882489
-0.6054591588965578,-15.335349571037785
-0.6967670333735614,-15.347105823973937
-0.7021557468703105,-15.352228795466125
-0.7797183368822083,-15.33804296173229
-1.018025099493979,-15.303435763359595
-1.0200038432625205,-15.30546099543782
-1.1091018116335825,-15.311205601641197
-1.1930558492855818,-15.293686581476335
-1.1976420861285337,-15.297032041397747
-1.2728177093094635,-15.280691539511066
-1.2767306343629756,-15.27792034462665
-1.6120934068006663,-15.25280443690706
-1.6953571524953013,-15.244484640194534
-1.779366516090433,-15.234374838667366
-1.7882280861589028,-15.240324440215607
-1.86053415664794,-15.207962161571189
-1.8664780501484328,-15.213696597752458
-1.9358684393742942,-15.19009668789736
-1.9422022595176556,-15.196775472229962
-2.0167464155984054,-15.187267018769916
-2.2874721534939004,-15.186973793380954
-2.358010102662065,-15.151908966789648
-2.436758140512195,-15.138499578182545
-2.438916762568854,-15.14678802765695
-2.5208902429842737,-15.128783929995379
-2.526214725896263,-15.13081987410284
-2.6159405616477835,-15.121930772851867
-2.620663630281674,-15.127044954787873
-2.866340985325476,-15.110456852269959
-2.947904491706791,-15.097061439519138
-2.9505073107481508,-15.097208906088156
-3.026759983231402,-15.084801034138975
-3.0342771765178336,-15.082901606674017
-3.103565148644971,-15.05949193474341
-3.196741340625908,-15.053143589434077
-3.609524232355908,-14.987005974543832
-3.6924429313156533,-14.99011004034761
-3.7621828735038734,-14.965353023284708
-3.84647202050778,-14.960240573571298
-3.84963411514083,-14.959754954273766
-3.9421125021946812,-14.960434691099136
-4.006975651754532,-14.939607929175445
-4.596668569177099,-14.838645544569605
-4.602025390100389,-14.840142442149071
-4.679990087124163,-14.823180262048318
-4.755702739888555,-14.807601490725364
-4.762071366930047,-14.813753784131906
-4.834779102025875,-14.799054783286842
-4.923750114052524,-14.780574986876308
-5.169180775978745,-14.735770933427215
-5.25202488211994,-14.738649139912232
-5.348760042168175,-14.74725299432711
-5.357036423709081,-14.754393121974552
-5.425075394410786,-14.715063015479892
-5.497112717916301,-14.69472859324156
-5.502729896984796,-14.69723554584984
-6.061075935216823,-14.590593962375559
-6.132973640016115,-14.551755311472537
-6.137622784601395,-14.553468998956856
-6.2127284925164075,-14.540910379448679
-6.221665039410038,-14.548067711754825
-6.298767479328804,-14.524330606051205
-6.392252663189335,-14.501753204584636
-6.635935165106944,-14.457144515410432
-6.710746599050349,-14.436805644325476
-6.791193521099283,-14.411429954390512
-6.796425539803951,-14.417762803936398
-6.882099129141113,-14.408167042115483
-6.969899220939298,-14.398364422058581
-6.976338338478685,-14.404470786600479
-7.4542021377545264,-14.277557462572945
-7.528043302630248,-14.269775918495496
-7.607283254159092,-14.252318927275642
-7.611805890401907,-14.260524472981885
-7.691389834789995,-14.225894888307604
-7.782394103109804,-14.222395392603277
-7.785805694255217,-14.224859244849638
-7.848197958210786,-14.186162983815423
-8.178211385981871,-14.107191921121844
-8.187187891165824,-14.110530803805293
-8.262724854569493,-14.084311330692206
-8.342431014813998,-14.06541844553931
-8.353145345540932,-14.077506054292556
-8.431227047285809,-14.05968088565957
-8.841442258487637,-13.95137618841972
-8.843784910125349,-13.954786984817751
-8.924230321173273,-13.936884355690124
-9.005052159195781,-13.932439972529544
-9.095457924856612,-13.905432608689345
-9.106100275616354,-13.91052387683442
-9.169508021587538,-13.879314029995902
-9.650053357984879,-13.757493759983578
-9.729117273364636,-13.749091158417684
-9.812075216407878,-13.724533192591185
-9.816797333102263,-13.729696633601208
-9.891467354457793,-13.701247101072372
-9.955650617287219,-13.656074618473964
-9.958627677682248,-13.659668824104676
-10.028487819010712,-13.636203046187152
-10.453518603145737,-13.532445888917287
-10.525925826507628,-13.510262744985479
-10.610503832685904,-13.501864660781564
-10.617051765021383,-13.509104906251302
-10.695058083217372,-13.482814651455403
-10.701081277742956,-13.48565173482692
-10.792088036322875,-13.4728508364234
-11.095959782136338,-13.350168139156397
-11.183560409353941,-13.347071862535243
-11.260087324128763,-13.331965517240834
-11.26096057956856,-13.330920877079114
-11.33121041361888,-13.304623616996933
-11.337839062014313,-13.311215687860896
-11.412582156966153,-13.263352090003133
-11.653674096936726,-13.191619207777544
-11.733251908334296,-13.172622576457556
-11.80076056994869,-13.138646165852643
-11.807220115550644,-13.146055004240093
-11.875502420084798,-13.115301434826947
-11.958212988071695,-13.081097145570576
-12.287402035509663,-12.985637984938405
-12.35883346758301,-12.956680847288684
-12.432121797220539,-12.923192969320977
-12.513975683696074,-12.898529926966383
-12.516349650020564,-12.901465406487093
-12.592530731629934,-12.878026926699889
-12.679937492512435,-12.851522903140799
-12.841425140343645,-12.79599387312966
-12.916318215054648,-12.770268008399908
-12.988058991698594,-12.740333332730065
-13.077833496892433,-12.720340886635695
-13.08166382989843,-12.717377951653726
-13.150126760144852,-12.687429087629765
-13.72175961438808,-12.509854006930064
-13.724846791090423,-12.51125014237111
-13.805578326329707,-12.482900950454692
-13.885936149489266,-12.458374684921113
-13.967744184303664,-12.436921657383028
-13.974977473443019,-12.443260184334411
-14.033984216301317,-12.40463292907262
-14.262571669875426,-12.32215623722046
-14.329798265027181,-12.278756222375877
-14.411353182494166,-12.246011699405031
-14.417689805954057,-12.247906041750154
-14.488225298132173,-12.219415358839864
-14.488629881383916,-12.216763848140493
-14.805138944000353,-12.109771779423996
-14.880020210249118,-12.071770250435359
-14.886372582671132,-12.072143839108342
-14.963845192726273,-12.063651301373516
-15.047159180944417,-12.028786782399518
-15.124263337109946,-12.008268515340747
-15.128793926875455,-12.012443837850316
-15.438793664621498,-11.870615080759872
-15.521037941832173,-11.845916386681875
-15.523185957375182,-11.850700478282745
-15.582854427111151,-11.808805554593294
-15.663690216894599,-11.790777548795516
-15.670915407147973,-11.80228099202814
-15.88620012376477,-11.672494758125211
-15.965097804591453,-11.65138105498083
-16.035858286856893,-11.609757504853977
-16.039400797632613,-11.609535345433736
-16.116438471248244,-11.591082737063536
-16.19626567517442,-11.572689091387128
-16.657424976291118,-11.387629680204403
-16.747047966249315,-11.35793206900241
-16.748968685976905,-11.36227100606285
-16.81069773801428,-11.307284290548877
-16.88782059789229,-11.2805363866636
-16.890734045882574,-11.283574104309299
-16.968226616392375,-11.240697292034469
-17.035048497882993,-11.19716746963878
-17.43327320938995,-11.064699905228476
-17.499944616905516,-11.016869996234055
-17.58790088097803,-10.982656362700526
-17.65961978040974,-10.94841087789858
-17.662482248071772,-10.950651571193433
-17.73015155920187,-10.908125661159348
-17.804662822605117,-10.86240014505184
-17.811438435568263,-10.86794058260945
-18.118020419955585,-10.73745773750346
-18.120062821570897,-10.735455075390295
-18.18655189038125,-10.703695622082993
-18.26928267037665,-10.66492870731372
-18.350843089212272,-10.62480013040464
-18.35299967032873,-10.62355135970041
-18.71329239976383,-10.43647731979547
-18.71857951940168,-10.43512768724674
-18.789585858811265,-10.39940217517474
-18.86224197538139,-10.366358244623276
-18.866795051762622,-10.368106869580926
-18.945837333268308,-10.343255760879687
-19.01494058484097,-10.304234534959617
-19.16524518334941,-10.222511035995899
-19.23937249880862,-10.173569015972614
-19.307661964019903,-10.142573585634722
-19.3856520832733,-10.114685592271067
-19.38536885544249,-10.112147534155863
-19.7683802367634,-9.93798548532692
-19.84318066422468,-9.89630491693532
-19.92260710189727,-9.857183276885046
-19.91951717793069,-9.856866602849989
-19.994933652602082,-9.824318874809116
-20.059582681239483,-9.775046710192507
-20.06200039568435,-9.773025606131949
-20.124759019105902,-9.733491382065425
-20.594287054982388,-9.53036226155424
-20.657326819097676,-9.476558390110544
-20.656465780111983,-9.474478008080343
-20.71752583862675,-9.421091372672139
-20.790491138255526,-9.389496625947139
-20.880703096913546,-9.360822657242256
-21.31813769988801,-9.122343356720142
-21.395589242447365,-9.096042442185267
-21.473813327488532,-9.066099425351332
-21.474460600974663,-9.065170108019675
-21.538027356504333,-9.023838231657944
-21.610470202218604,-8.981745439962994
-21.685537407980892,-8.939051601392693
-21.689395538452025,-8.937606986548934
-22.04445372925433,-8.751583851577218
-22.05137518052653,-8.753261589280864
-22.12317002233832,-8.7072250126565
-22.21012513168287,-8.679635291268733
-22.28085264417006,-8.64518166735962
-22.285286883973193,-8.64433469849025
-22.786811223648396,-8.349993738235549
-22.790038257884838,-8.351163392632788
-22.86263891810148,-8.318780895291548
-22.947260721234134,-8.279890964867613
-23.01239283939387,-8.24155849796312
-23.015502387006567,-8.240047159937957
-23.889610772812162,-7.753818919909061
-23.969247731977802,-7.736527992500515
-24.03413862114174,-7.687386581210192
-24.038453500940037,-7.68667739916535
-24.12342552147479,-7.657524900499787
-24.201335205955537,-7.615224978290766
-24.549363486029492,-7.402966036654099
-24.64142642703583,-7.372837563242991
-24.64119022090239,-7.37149937953467
-24.700335841551535,-7.321760700474303
-24.780363525201313,-7.29019157051575
-24.78253509113706,-7.289510777818213
-25.492185947640607,-6.877484283215555
-25.570427810864178,-6.849448195874577
-25.6481317421501,-6.816465792971567
-25.66286496359722,-6.8266639188969975
-25.7314265249564,-6.7861382572970745
-26.39808702188526,-6.438395466004121
-26.475360070063104,-6.400626861024057
-26.480140941022253,-6.401962255435258
-26.556219394725534,-6.362100511928515
-26.61401970878218,-6.312158919466629
-26.69044123542497,-6.272332335271554
-26.69632390464612,-6.272289350586447
-27.134259289600664,-6.0480465553076534
-27.204170718541917,-6.0029380291296786
-27.21125671736636,-6.007480190548303
-27.28364666272876,-5.975112504677204
-27.352956010368263,-5.930153673011179
-27.957274142139838,-5.635803102152441
-28.035406058795164,-5.597540317683772
-28.045829234131105,-5.604790860585827
-28.119230605757497,-5.5766667969096675
-28.194582911584938,-5.548870684012547
-28.269277265261117,-5.5089422452682975
-28.27206201371071,-5.507706774827732
-28.9248760517888,-5.1686702849727375
-28.934597731876938,-5.1731996487719805
-28.99309715475463,-5.128907453043511
-29.102412785087616,-5.115247481898852
-29.17759852836448,-5.083750646013235
-29.87025847858539,-4.787407771194077
-29.9338904341752,-4.741496102592469
-30.009608927025017,-4.713379564684925
-30.088499248000875,-4.687793434856834
-30.093363508778243,-4.688013163225266
-30.162086040295257,-4.652932040700223
-30.45534170270268,-4.5061357520353535
-30.537022577912275,-4.471821501750398
-30.610427526985386,-4.430816852143026
-30.699065360251065,-4.42449348217133
-30.77085263923956,-4.38457201590403
-31.0816151853369,-4.26461447006403
-31.1601969277196,-4.222267686405453
-31.24095246237891,-4.204699081154504
-31.325487321980166,-4.164846423389855
-31.334749676800943,-4.167132227313764
-31.40165983089739,-4.150044598614256
-32.1826016025794,-3.8743023533578804
-32.191567211692956,-3.875367768588693
-32.2613389781396,-3.841385692296946
-32.41210982513745,-3.7878432453535016
-32.50092066369075,-3.7686458319773988
-32.57856094350219,-3.7255942548942422
-33.05514940413746,-3.572547979680516
-33.135180683041725,-3.55645729318509
-33.22979381406559,-3.546876706087178
-33.29572869334202,-3.5192179545895064
-33.38399152962094,-3.49497965285066
-33.947316235682806,-3.343781837067034
-34.10878310285335,-3.2987171026732445
-34.18617553037999,-3.2815849026435084
-34.26542385596462,-3.2559294996056902
-34.338607865273566,-3.2218816609320706
-34.34347310136949,-3.2251874148561748
-34.76662137354643,-3.1417628893569347
-34.84674338190096,-3.130368480329505
-34.85197896145912,-3.132062226748703
-34.912504487719104,-3.108255836142253
-34.99018840243583,-3.0788687254681184
-35.00116020819585,-3.086051612397744
-35.57291082102871,-2.963382276186696
-35.655076009880595,-2.9413003795645234
-35.750889701284,-2.951524243093813
-35.82450145152029,-2.939850517813189
-35.827479896558444,-2.9449191992067822
-35.91468285795775,-2.9240197282361775
-36.40711380494811,-2.867012327327595
-36.414930398551185,-2.875005890182484
-36.47800960485114,-2.8395693265009254
-36.573415061737705,-2.8270820037597124
-36.65794519720274,-2.8216832667653517
-37.23113790661632,-2.7326953831489016
-37.32348030631197,-2.743512677689588
-37.40611626849414,-2.7329527348437637
-37.476218853944864,-2.720589347486427
-37.554966890354095,-2.7103103658212233
-37.56691882417199,-2.7194855698549882
-37.65300141182288,-2.689590245524021
-38.23744285256093,-2.7051889498296733
-38.31633415570069,-2.6968263307469327
-38.39591360678395,-2.6858626910168564
-38.50100026429248,-2.6979786371077106
-38.5763278316936,-2.6979248882507796
-39.15052247102161,-2.676577881953179
-39.24478890211768,-2.663855377859459
-39.24618406895281,-2.671299594110658
-39.311897104734484,-2.669433893484285
-39.39775440735202,-2.671548362624523
-40.00482955652975,-2.7339624690712037
-40.08424221392816,-2.734964665022233
-40.15498265451328,-2.724076457654724
-40.16178234625083,-2.725918269551388
-40.236804087356504,-2.7506898611527384
-41.484015687153345,-2.8949893198773
-41.49999538714555,-2.901552640248929
-41.5611368743901,-2.91020793236478
-41.66094218601771,-2.9244596841509436
-41.74838521653199,-2.929095765183998
-41.83852909460153,-2.951419194400819
-42.317319099642724,-3.0367879274760385
-42.40282070480888,-3.0623891375238115
-42.49115930827887,-3.0973929778110887
-42.58527986659658,-3.12613775754406
-42.59434948444009,-3.1365082695827438
-43.38401007270475,-3.2971291221467505
-43.46425171480563,-3.3298014861235465
-43.46560730208112,-3.3358753426888046
-43.53147443344087,-3.360673327293686
-43.62235807925051,-3.399843048355717
-43.62612236174287,-3.405688101379831
-44.43355273323245,-3.629880508179074
-44.508416002925735,-3.6563057679026363
-44.513709337991614,-3.6603833144767997
-44.5891834352375,-3.678668562650485
-44.678296477882704,-3.7067974877490757
-45.13317325644502,-3.8698907581277067
-45.14600721502411,-3.8821204123986295
-45.22169262405637,-3.898628611598053
-45.30557319977444,-3.933464335821235
-46.23009393349747,-4.2807965861621025
-46.304657556701436,-4.299208526889726
-46.31300083876006,-4.310390591376704
-46.36227455879382,-4.3600686374723985
-46.4461611044866,-4.3650033781977085
-46.463833746815794,-4.365275068653704
-46.9137545951652,-4.6025651544174035
-46.9956820420336,-4.646330684454352
-47.00769808927032,-4.6578574477563786
-47.06611090542496,-4.706207949362486
-47.14177885711058,-4.733038175213452
-47.76826009180108,-5.001403938657489
-47.844648149129924,-5.018526652851766
-47.917338607053466,-5.0715850997015375
-47.92611071294003,-5.061286023898668
-47.989106502045864,-5.112778278782159
-48.499009258303104,-5.355532052307591
-48.57734310860023,-5.405395911179465
-48.63747681546861,-5.472525682035549
-48.64890255846467,-5.457046566838677
-48.71487973837362,-5.4831290734393825
-49.11309333969121,-5.65964194074665
-49.17504403036812,-5.6851814394267075
-49.24586462479559,-5.727018373256888
-49.329786914761655,-5.807352050748568
-49.34241295589682,-5.797248810738711
-49.75861963190613,-5.995240833420806
-49.86045737950323,-6.036835852079363
-49.875979083964545,-6.031873919679765
-49.92886602331323,-6.087138937029694
-49.985254125255075,-6.12501360572863
-50.06353097191241,-6.126824915052958
-50.538841453476316,-6.384638915538503
-50.59701821245581,-6.399365815647819
-50.65681933081744,-6.402830942729476
-50.66208464277442,-6.400168327911364
-50.74082786759228,-6.440660644886652
-51.113004005096904,-6.706941204285307
-51.13318107006891,-6.714806288391878
-51.19341727184311,-6.7323411318368604
-51.27785307900017,-6.745650845142453
-51.3360644364454,-6.756863405750523
-52.01527700401754,-7.023416501559542
-52.03458943035771,-7.024776032421616
-52.08581292158832,-7.04324591225725
-52.185671405240335,-7.117163260118314
-52.247998511733044,-7.137319969905073
-52.736106277586,-7.321219949565251
-52.79704438024203,-7.354717807221881
-52.8097922154123,-7.371327015432324
-52.878678995716065,-7.409155288478448
-52.97476700831182,-7.383778348623582
-53.581210638396904,-7.640718802750024
-53.65664069202929,-7.664764635853669
-53.66627377355294,-7.6683322203889315
-53.75495103555118,-7.669626959736051
-54.634095491592404,-7.922039138602178
-54.70722705679407,-7.9633497589760625
-54.71766949060576,-7.970576190721428
-54.89872024670116,-7.981835058578669
-54.90033168072171,-7.986143239398926
-54.965156670147486,-8.01716498089825
-55.597857904066245,-8.195068718719202
-55.68872368888006,-8.203876270012174
-55.69587301345591,-8.209332716343118
-55.782658199427274,-8.204958880889125
-56.79426348662679,-8.315595495328465
-56.86581590017441,-8.337389700769025
-56.943749471685706,-8.367820205244017
-57.11285469688801,-8.397851074779016
-57.11905475695939,-8.405828303511814
-57.76321283851544,-8.372314298984046
-57.85103891192331,-8.370369554096685
-57.93217821205298,-8.341593301285528
-57.92642815119566,-8.331160858146694
-58.02643914296985,-8.343526679061178
-58.620857024306915,-8.34274046669533
-58.62721299313156,-8.345377184022736
-58.780629198362405,-8.3351986316638
-58.78585217974955,-8.320654759254179
-59.202203423460666,-8.282658017812084
-59.37601496709657,-8.26994162236701
-59.38236229073221,-8.265056913541256
-59.459442125063674,-8.275713756967264
-59.54341393194516,-8.233595579673983
-60.05000910075103,-8.165397321552994
-60.13390692450477,-8.146195694251196
-60.218986481310175,-8.097286381372996
-60.27937199118341,-8.071019563953001
-60.28050914274858,-8.06762544585223
-61.0139573060081,-7.937816189278006
-61.108071289738696,-7.891037241058055
-61.11066696916458,-7.8915524970964555
-61.20494351262215,-7.888311892450225
-61.27338063794379,-7.824303426773575
-61.90374490469558,-7.573345590106706
-61.905734444661995,-7.572382486967865
-61.98672579536072,-7.564415443632319
-61.98500445387818,-7.560386899354529
-62.03402127201257,-7.5362738113714425
-62.518512608715575,-7.332910038721673
-62.60528210379128,-7.320533322487692
-62.70914535063004,-7.282466898941438
-62.71220745731885,-7.280315394928169
-62.77424811283905,-7.243067605109393
-63.17416543675047,-6.990044765631744
-63.25934651521503,-6.931943298140365
-63.26567762959845,-6.932020332146251
-63.32292227486082,-6.9221956569626615
-63.418903651788646,-6.877469229900609
-64.10365203209332,-6.516578014333911
-64.17261799491291,-6.466798685551161
-64.24649917096808,-6.443190149307265
-64.30042325446149,-6.392950185454295
-64.34894374564689,-6.304906067817465
-64.61612425375037,-6.124509651258464
-64.6656793190357,-6.073765044274516
-64.74637809604236,-6.007662448521166
-64.82959501278381,-5.969532228257463
-65.23613236371416,-5.647832621243216
-65.29043954150805,-5.5856068722368395
-65.30760556419823,-5.573200197325666
-65.39759453000505,-5.588951120004876
-65.46611194277092,-5.519806047528217
-65.89921841999681,-5.098820942320867
-65.9517415615776,-5.053197462485803
-66.03359435043478,-5.019233910330265
-66.03294144662864,-5.003370476518298
-66.0852028105845,-4.96485177099475
-66.69418551911943,-4.37244532036266
-66.75497422490453,-4.3140915923819865
-66.77412664658739,-4.221397369144608
-66.76853120279364,-4.205312690939605
-66.82893365128503,-4.176831432401587
-67.12606321031815,-3.8667023655513018
-67.1278714500039,-3.8505252974995305
-67.18237624483601,-3.8057283453694524
-67.24695690150257,-3.7654176424887504
-67.68034103359786,-3.1229113956634307
-67.73682206324767,-3.074623686750946
-67.82747890777813,-2.9964220851690277
-67.81816047709314,-2.969284093651888
-67.93489032328014,-2.771481078925976
-67.9780365578066,-2.7082275618171314
-68.01984064991362,-2.6442863943595944
-68.07001417038835,-2.5728258275714255
-68.06267623160528,-2.5595694198869
-68.31153921726765,-2.2192199414030482
-68.359319713499,-2.1393315197965928
-68.41628719543574,-2.070707028777122
-68.42115910742437,-2.062419040690901
-68.78696779690355,-1.4357515294670795
-68.79229151708894,-1.4209735402730783
-68.81208053718196,-1.3393809403265713
-68.84123579444783,-1.250731306137586
-68.89637127564818,-1.1813672752958744
-69.13877545883008,-0.7450611425415501
-69.15356040509977,-0.6601635344705807
-69.1450370631148,-0.6490587797622254
-69.22106777926923,-0.595667486400414
-69.23284220040092,-0.5267128923959701
-69.39360455256994,-0.12667860381812907
-69.44073493286372,-0.0431309321764632
-69.43606393357824,-0.039072747340337166
-69.41055890337984,0.03584547206395186
-69.67178880932657,0.5897190089914104
-69.67162109680129,0.597794602682238
-69.68079120163777,0.6966234424155353
-69.64329079307075,0.7837822500159044
-69.72073916527054,0.8468895838841641
-69.83757911565557,1.2522690124556386
-69.86908862495021,1.2586713608976152
-69.86219139589679,1.3365531863754694
-69.85317744248856,1.4181521684505363
-70.01020097650802,1.7662846860571344
-70.03114521418718,1.8433494178733685
-70.02258864351762,1.8497295448347066
-70.00806641722342,1.9279930353448957
-70.11748558104779,2.650028975281904
-70.14175589408855,2.7220445840271883
-70.18179934643263,2.8282894543924426
-70.21059161014875,2.8476787247177406
-70.19831643544074,3.1528534045713394
-70.24089422499269,3.2444438638163926
-70.24463652576274,3.2509275110975717
-70.2565755485379,3.3260417410777796
-70.34406171245482,3.9036582035268603
-70.35874432994655,3.988445121645348
-70.36671532914268,4.075512009285814
-70.36920965684276,4.078387651577505
-70.33551777609452,4.141055484233397
-70.40361342565856,4.417486522492225
-70.33037437815396,4.456539702743265
-70.36089509673926,4.550229322354193
-70.36393773215053,4.55865232058403
-70.38210410775748,5.316781443895026
-70.40919889262474,5.40205646530889
-70.40603017167778,5.407629778115428
-70.34570916875968,5.48030565622661
-70.33891847515933,6.1801717454213065
-70.3446113372731,6.269670339714367
-70.36498207290238,6.35253812358146
-70.35889976792171,6.444908496775943
-70.27801902321856,6.7756100496274865
-70.29815323062958,6.882954437820306
-70.29527999478427,6.888199005365204
-70.22268685785876,6.93830126840979
-70.20416426164593,7.031595052051458
-70.0683259960875,7.857309383577093
-70.0721977512881,7.858982500378509
-70.05038311761439,7.935394640187449
-70.03898253902737,8.03844255775648
-69.83676490182646,8.64498744041838
-69.83543721431893,8.641814284417297
-69.83066184017301,8.734185594901202
-69.80140724350488,8.824292800985821
-69.62467705831278,9.276679855927169
-69.63006779047258,9.374704807226927
-69.60878126308022,9.467091974054838
-69.60764538022131,9.471901788802457
-69.28144288362549,10.152724172380799
-69.27895067487991,10.155749643919865
-69.26682841838215,10.26316998266237
-69.23691987492244,10.335441379510623
-69.00839374684725,10.773685425381279
-68.98169289365399,10.854915438189156
-68.98068631601988,10.853606741104796
-68.93727745258083,10.921436459549097
-68.58318325469683,11.600953308827501
-68.53006319964894,11.649084399275827
-68.52478340158204,11.646920944552237
-68.49198139445765,11.717235759568506
-68.49088586919243,11.724788941335765
-68.0791931792081,12.3641157386785
-68.0302526488205,12.432135567262652
-67.97930235069192,12.506295326960192
-67.71813598880368,12.964692283376168
-67.65427220049297,13.008394121735067
-67.5939010528946,13.058618398719894
-67.53733215488646,13.113541369345544
-67.18606874945463,13.5902179742909
-67.14765993776967,13.669537557580327
-67.08510476997489,13.728831861154594
-67.00746969695078,13.756316027137924
-66.96920369078639,13.837165058756188
-66.78081557210477,14.022702193923008
-66.73595513194044,14.081500242893403
-66.67652141584583,14.137402708194985
-66.17227437058175,14.72448226659716
-66.11679554861985,14.76552341320479
-66.1165826647523,14.768534617169722
-66.06464315001931,14.824251806889144
-66.01942805834844,14.895505270108778
-65.65078979586745,15.252839585223446
-65.59289383622031,15.319797892374392
-65.53108674108752,15.367087998348374
-65.53028651548003,15.369628238590092
-65.05231863950614,15.867818738678329
-64.99938914080856,15.926818922497091
-64.93847579509978,15.968834367919587
-64.88243735398358,16.033415856972592
-64.50338273577712,16.373434077712652
-64.36662197078695,16.472293461860442
-64.3685024319166,16.474552208910623
-64.30945803518729,16.520207781003986
-63.93704540548237,16.85521982008159
-63.87590606328963,16.919066924488057
-63.810996343290434,16.979349085127954
-63.345206680642015,17.339047122221896
-63.28319104126416,17.38535266300022
-63.233814577336595,17.457068418882994
-63.170971504279045,17.50753183894271
-62.791193257270294,17.847316407594203
-62.725602170404954,17.890829475171675
-62.65306602292826,17.923755574309844
-62.590298508837286,17.97843968541843
-62.13831473149648,18.35882128776835
-62.0764008946932,18.421235765997995
-62.080014095508794,18.428306268384972
-62.00596355853667,18.46610786666703
-61.952341154575954,18.526257242578275
-61.69242724691631,18.733097557826824
-61.62549013717756,18.794703046994208
-61.560192793285864,18.83269138344522
-61.177006030341616,19.171184548679946
-61.10490070777538,19.22357727515632
-61.03804860237775,19.260115963812257
-60.98338940116597,19.321138352366187
-60.541450288842036,19.6852709404981
-60.478374118769516,19.74195647139247
-60.40933330902409,19.792506252918017
-60.34171022054382,19.85591731187412
-59.97524118157103,20.159736654417493
-59.913270081760444,20.23365586151558
-59.845544107986136,20.29227108268154
-59.84567146517152,20.29808375160344
-59.34451495511785,20.722228501383768
-59.288863558007606,20.77393812557392
-59.22259221916647,20.83860000080207
-59.22378160265771,20.844148053218994
-58.915173016474824,21.135296653434384
-58.85568050635256,21.191338613547057
-58.79788182760655,21.25719203889657
-58.720108781037716,21.30823465350529
-58.25143157514617,21.759230548271336
-58.1745095476696,21.800061300316138
-58.11959808412777,21.868207446136772
-57.75101229346335,22.207682185802504
-57.75396474564046,22.231057378521157
-57.71082940254274,22.29373869379229
-57.64592234421262,22.34605237965188
-57.58324981897289,22.38866633607788
-56.95063386468395,23.032295912622004
-56.87336292797122,23.086308151544195
-56.83055889677231,23.166480702043764
-56.77248160616285,23.236355535750057
-56.487482134789474,23.54492670092135
-56.492405128939886,23.555836170859788
-56.426943586563496,23.58807208640512
-55.87376740320806,24.221814957523367
-55.80659389927756,24.275810083591452
-55.748215461236875,24.357093027576227
-55.70201216646421,24.42528397769064
-55.64685950627418,24.48759320710479
-55.32115666579792,24.83693993840779
-55.25864920313376,24.908944703493752
-55.207317265105345,24.966802360127364
-55.20592635160749,24.971559231132414
-54.67378085944923,25.609994464557946
-54.622671484992935,25.670434210394628
-54.566254261800275,25.731710426036482
-54.52515263482617,25.802760552020032
-53.908025356896204,26.606099849011798
-53.84772765474569,26.666213894377112
-53.82444736507379,26.753837885562202
-53.83068639206191,26.758865875735804
-53.62530471598192,27.026164811943065
-53.566975299245506,27.066663980120868
-53.51077812323368,27.140707484439588
-53.50566707458153,27.14776774398222
-53.18175881749611,27.6295283813256
-53.13088385680606,27.6807963855526
-53.08120396514734,27.76988587164746
-53.03047519850046,27.823435477196075
-52.77485433492128,28.248411901293316
-52.72110809434294,28.306687791108306
-52.72456873692145,28.318118722611825
-52.43346942195786,28.7268773147993
-52.38249325182715,28.793953448523805
-52.36208727386929,28.883921485341638
-52.31329043231299,28.966096529965995
-52.05067640343286,29.37507171476119
-51.98811191203771,29.445560943733277
-51.94892048278676,29.518606220353874
-51.90805430794602,29.58853773388307
-51.71887697973312,29.965901038213044
-51.66801265519853,30.020055786938574
-51.63290169002625,30.110069547446155
-51.29711167956474,30.67614451624238
-51.26134588986232,30.75627768904921
-51.260933849417164,30.765316427429312
-51.220008168319154,30.8271756159748
-50.82441277601645,31.55840196502621
-50.783800168905785,31.63708805523752
-50.75599175781688,31.71162833547218
-50.73714819889013,31.79374008829662
-50.55273791488785,32.06906932762332
-50.532824277143476,32.171782794918606
-50.48184743220284,32.229079588689444
-50.013444705510395,33.302452603563005
-49.978359774395486,33.37717842230764
-49.969767805319336,33.46117626670715
-49.96992314892525,33.47194802561758
-49.772762785782184,33.922516128125345
-49.73204716803687,33.99235735853004
-49.7027169999565,34.082628423426236
-49.359124663290345,34.92821574323514
-49.318071108452656,34.98962029457744
-49.32195491639189,34.99907431067905
-49.29818250048074,35.075834135681255
-49.29013777382996,35.173178112730696
-49.09375918222388,35.66078668476822
-49.06608256538567,35.722428491683225
-49.04306435889455,35.801958817063905
-49.01413257765557,35.88946497745709
-48.67470896712264,36.89480973895599
-48.640259616921156,36.9684697888495
-48.61498949603016,37.048310368745135
-48.599936398754565,37.138116979218594
-48.42825787384656,37.69032752049336
-48.38691550860883,37.83591928659943
-48.36885825405737,37.933233139592
-48.19850254349416,38.506933125410136
-48.177576610635995,38.57852252334216
-48.14851058529816,38.66155593465968
-48.126799710108514,38.742505266140924
-47.9762489647025,39.309734636670086
-47.92543176353317,39.373649942520686
-47.92656696199584,39.3780782988076
-47.85296799116809,39.87402825638889
-47.78548850040596,40.027482775043204
-47.75315222671286,40.09767826072749
-47.48573088143389,41.33501439447354
-47.44799441748369,41.406369149675825
-47.42249878770179,41.48313401686361
-47.412372035993634,41.58200642053384
-47.213924402069274,42.543296654827444
-47.20261879386121,42.64139032485746
-47.128266870425946,42.774432770074235
-47.07268345402904,42.781002238560596
-46.86346858740858,43.83844644414713
-46.82878554783425,43.91193671330964
-46.79847681726714,44.00552123886405
-46.63328026087988,44.73115080414901
-46.631259842765246,44.89294812897747
-46.62688819414914,44.91681783608972
-46.62024615829623,44.971179417149116
-46.218152965440986,46.161213800939606
-46.20641318704337,46.175793910526046
-46.200513691825776,46.24652894844792
-45.93900414365741,46.94514579307296
-45.93322138028523,47.047846996642114
-45.93438093293112,47.06133399071428
-45.64285429673497,47.72563764175242
-45.60198598153667,47.8099219907494
-45.60018721516773,47.81793734228332
-45.563815581580045,47.891137381688765
-45.296234135484575,48.58479093500407
-45.24225630000687,48.646195333372894
-45.22683371357722,48.645112866792765
-45.195596556284976,48.72812250475464
-45.0019030578983,49.19156562235138
-45.00544290825717,49.207033571782866
-44.95609975841821,49.257771879660474
-44.48262300298686,50.02199506226929
-44.46126024710911,50.046791947968174
-44.42929832281875,50.101506012184664
-44.070039809766115,50.65728849740502
-44.058918493963496,50.65730613340483
-44.022076152590664,50.726767946896906
-43.94833712511629,50.7588216367405
-43.55246553650969,51.304398751464696
-43.55746309627525,51.31050040441626
-43.5077706642239,51.386977461079034
-43.46187402289265,51.478597547609645
-43.137208018091656,51.88856691109396
-43.079934860863716,51.93883982510949
-43.02221300863525,51.990932227291374
-42.51616612679138,52.4344250188471
-42.48130414138744,52.47445548800098
-42.42158491848898,52.53370969252998
-42.383236369277334,52.64261912706212
-41.86045913723554,53.08947188496582
-41.80086210760687,53.176441513178666
-41.797248566721535,53.17515352413261
-41.196570879505046,53.61280162007266
-41.12360904395519,53.64049077119262
-41.06059005036238,53.727868608082545
-40.327620705003895,54.134247255185706
-40.26838695470607,54.2036644521961
-40.20842070417724,54.25107185090886
-39.62005382223745,54.60761894710789
-39.522134828355505,54.56446431749364
-39.45630258909324,54.61466378320212
-39.44217550106491,54.611826352863915
-38.84715644466305,54.904034756418596
-38.76748986351309,54.950929226795346
-38.75031270515196,54.94136294052301
-38.14716257539518,55.15696053394057
-38.059136109265935,55.19128582181161
-37.97217199719083,55.21130498389018
-37.30369313202264,55.36886822273992
-37.202650241807035,55.407278536454236
-37.11844618627423,55.42086303584445
-37.0385476298535,55.44202864061556
-36.45380511187172,55.52706095597063
-36.37099391043147,55.57757318325749
-36.28084056281463,55.583770187420946
-36.19386259122355,55.56046476904546
-35.668287588137886,55.59869730981013
-35.586817802772664,55.596641276881726
-35.59473749223763,55.60126256173073
-34.92678585922534,55.609522851071375
-34.82798329691808,55.61679527230961
-34.826268010899476,55.617209182982705
-34.675271615086025,55.628221351832146
-34.260842057428604,55.59507153610463
-34.17338806122074,55.57851203103306
-34.09294293066322,55.55810278143511
-33.394639871442486,55.56782241199883
-33.31138559814312,55.54851588454542
-33.316125451361174,55.54210083143203
-32.824196565742504,55.43748010715638
-32.74529300428424,55.41582895100181
-32.660958290618666,55.40137082979048
-32.570470674496434,55.402545577070974
-31.977497777980883,55.38167042289029
-31.885987306273048,55.34939242696682
-31.894242402121005,55.34008996314302
-31.322904207859125,55.14483554868464
-31.325154897184593,55.14052692862244
-31.240644622252816,55.1452238521779
-30.66892619723373,54.96227044989432
-30.668545356024854,54.958750617389974
-30.594846563870995,54.941723293606266
-30.528337883015322,54.89924312174291
-30.05848191835539,54.70365510007255
-29.98281812409013,54.6855213688776
-29.912791036396822,54.64702128840312
-29.358125208885635,54.432418431095435
-29.268442545805332,54.413750916121465
-29.26673817691269,54.4036076825167
-28.828254742578636,54.150312026438456
-28.828056050093156,54.145516664232304
-28.73417631303425,54.13981497910223
-28.658425391351603,54.10327442009346
-28.101572518196416,53.748446810483756
-28.025205733084206,53.68524583887314
-28.0287707721897,53.671635080668935
-27.52634816485174,53.34728624741344
-27.454261195299125,53.301124359856914
-27.45473033759995,53.295371155396296
-26.914230452087917,52.92407537750073
-26.91607595842065,52.920792883570506
-26.837617979840452,52.819127988732035
-26.771627508406027,52.792621071662374
-26.328196093434123,52.40480579668346
-26.328714862797103,52.397034106900975
-26.26492675167775,52.35618455715905
-25.819680146484043,52.008085508236775
-25.765305562321885,51.94086395260127
-25.76980481465156,51.91983660716388
-25.41179039729895,51.53760548937487
-25.34135246818305,51.47089580499496
-25.287350878302668,51.409799031090735
-24.828869701357103,50.9381208605541
-24.777072791742285,50.86655995599919
-24.725593875022028,50.79175723351376
-24.683727308862235,50.729365305270534
-24.36171447028242,50.32290750783757
-24.30942906348386,50.25399664356161
-24.304260869636718,50.24957027408275
-23.790536028268388,49.46270746319516
-23.74900840165576,49.39802734690367
-23.75221514704661,49.39406782213879
-23.612731328911675,49.1950875183761
-23.561311640707434,49.12991983656236
-23.555080621583297,49.061447346463865
-23.181612737623688,48.36365737312462
-23.153587734962677,48.281286160735995
-23.0992114492929,48.20448119585903
-22.899702139717796,47.73229211199049
-22.892274520609092,47.72822440538975
-22.844359197156596,47.6538992657285
-22.587692215749765,46.943534419903344
-22.588326895460707,46.941879727245386
-22.5489992354826,46.87345179034781
-22.53347393963306,46.795319353581284
-22.3616442649234,46.31355016930521
-22.33939973720947,46.2303921476318
-22.316628336442044,46.150699288189735
-22.163986385883554,45.58764595386422
-22.146270604842158,45.51265880116112
-22.131634341635532,45.435923181850235
-22.014266192584667,44.85891056306553
-22.002072658956628,44.76352864309916
-21.995161516840135,44.68736009589112
-21.93976722043565,44.168194483801905
-21.93827709686123,44.08891142617178
-21.93825317969489,43.996336615641255
-21.916669566635957,43.323304749590065
-21.911837507201827,43.242748088330124
-21.91609010333768,43.150935498999644
-21.928112601161654,42.534185460611475
-21.932902143910876,42.44966878140642
-21.943136298461486,42.3748312881815
-22.004656418545792,41.78618971950382
-22.01874402903214,41.710909534440255
-22.028453136202014,41.62733236164191
-22.100088767882507,41.1164216118018
-22.10013414338899,41.1207586812802
-22.14127634371158,41.04687855111342
-22.301942543106268,40.21116612462604
-22.32199860832949,40.12490482316138
-22.320943326077625,40.126027513536414
-22.488802647262236,39.7203536388212
-22.508450607383843,39.644062651631344
-22.507141720257465,39.641008363627
-22.586473350872676,39.319527244951885
-22.672285854838126,39.15793495550255
-22.697860005944438,39.08824282809183
-22.88542596979421,38.6308393029825
-22.969812692634356,38.459554682787854
-22.965145274200726,38.45294597513546
-23.052300950034233,38.30952064541443
-23.291146720221334,37.876091494152014
-23.32668777167565,37.78069496081859
-23.356637836135967,37.70326885636121
-23.580915371458154,37.33700228406899
-23.621738563265097,37.253677420122216
-24.20511840491306,36.44513066556098
-24.26619310466019,36.396287169654116
-24.252749866262963,36.38125306015219
-24.29919161858781,36.336277514911444
-24.579544724880158,35.88067434992172
-24.617873093419405,35.79824278176118
-24.70007007197429,35.76478759963339
-25.183643434790458,35.183362049720834
-25.186706955816582,35.18174135239179
-25.2421936331375,35.115724676645925
-25.52933425701886,34.79154302222292
-25.56727487170122,34.713619048415225
-25.65153250860616,34.68894969974391
-26.350536290755205,34.065255950549755
-26.398697308274777,34.01532017141343
-26.40061482665105,34.011852263818234
-26.975826565120034,33.51027683570594
-27.039526336773864,33.45598462332126
-27.043792227978127,33.46017274459811
-27.432583069603183,33.13258245251243
-27.554816790618837,33.01868628906896
-28.24893516148302,32.54664762674852
-28.2534599388764,32.55171523495213
-28.31553129473538,32.48071641915495
-28.395298289712837,32.455153492677574
-28.662983874495158,32.25530991379768
-28.66606131495481,32.25601035683073
-29.588493929140114,31.680535306770203
-29.665769302247273,31.63129659329528
-29.73557598615654,31.590666578068312
-29.80265066195376,31.54208725712602
-30.180719470623643,31.343181193444806
-30.244753071180128,31.3001227674656
-30.82634060919465,30.950853407902663
-30.885698847712078,30.922341478444903
-31.036274936290354,30.832391092485885
-31.322374990334136,30.663505383153137
-31.481258219412034,30.62003513898645
-31.629501547218215,30.505505906958494
-31.98613466635248,30.291090154233117
-32.073695451040685,30.27229116840978
-32.148976674694474,30.254151966741038
-32.730021224670466,29.92501380583845
-32.73514123341333,29.918471042623487
-32.801342008444905,29.898094517524186
-33.39861581327287,29.578995824560227
-33.46959782889949,29.54395378588952
-33.54711890585872,29.510581592302774
-33.99357495134169,29.26722761949748
-34.06399651934391,29.24401968641857
-34.146322598592995,29.208115430592596
-34.7255550079359,28.89186668248217
-34.812322861084695,28.851515245645793
-34.89006749310102,28.839527773839322
-35.55456033435017,28.469107167981182
-35.71013406422873,28.401081899322154
-35.77464160160173,28.36573198015913
-36.27657915201082,28.085294702518222
-36.28108938269574,28.08312681314355
-37.016522966379384,27.692889436295825
-37.082400397134066,27.634663110470694
-37.170847524493176,27.61529782185854
-37.60425770649896,27.374932129880573
-37.67014102680853,27.321075802373354
-37.75191935924911,27.275298668904675
-38.1773729501692,27.0408595399572
-38.24120377473851,26.984467107564257
-38.32998833967903,26.94924011561494
-38.90229080275646,26.59674029819085
-38.978271444797734,26.557628699492735
-39.03711909316386,26.516149174165818
-39.65834972889787,26.091149153126427
-39.65839598811055,26.08872897809701
-39.80208517169713,26.02243713279323
-40.36269328268231,25.651765460291728
-40.43766164152863,25.603103786520677
-40.504932031374125,25.55853820400817
-40.89464774146908,25.224681925619553
-41.027219532771774,25.127909297294135
-41.099398311796435,25.089043424399765
-41.625619036490136,24.659327875919207
-41.6951034424628,24.616050320113615
-41.74114280053952,24.5517867453876
-42.30981504618619,24.05633943059654
-42.31690253418455,24.054582565388205
-43.012981153752726,23.355343167366424
-43.01661782730693,23.351066098371604
-43.12064921562579,23.228581229530693
-43.404754903712394,22.917122907668706
-43.45901877323694,22.843494703397383
-43.50368000014225,22.778971517728607
-43.995102346401545,22.186235125342336
-44.031915332619135,22.117771046007444
-44.09957467356992,22.0484966107879
-44.67193345112115,21.123469785660177
-44.71043056763451,21.040846499461544
-44.739735089157506,20.973231966267598
-44.79824465110993,20.903586462788994
-44.943580323696324,20.59533593488706
-45.03161372553808,20.442299617397307
-45.296992308769674,19.83432142041704
-45.33526596357869,19.740437106362922
-45.349458580306276,19.666184142891595
-45.54301849247858,19.193010985003266
-45.54112773234109,19.192436851796455
-45.60609091872454,19.019671583356683
-45.716250496328854,18.61909682609842
-45.77404125536872,18.472100375136176
-45.764051791516984,18.380996384362597
-45.96461430355225,17.653387834896986
-46.00024967215766,17.484887074552386
-46.036885385726876,17.404468517303354
-46.12455571525857,16.79969221585013
-46.117132099055645,16.710251400661715
-46.08720374365733,16.632303627190957
-46.1522080897707,16.03943928348429
-46.12747090296746,15.964528731164396
-46.18342083776161,15.182150381423813
-46.16546934534604,15.098767938439817
-46.158518407866126,15.02131441936742
-46.170860504612854,14.93584368523699
-46.131778703363814,14.516912163297619
-46.11578509618487,14.426338592343527
-46.099763726483886,14.096851460227754
-46.08455678190986,14.012469874208243
-46.06922308852491,14.01835949433275
-45.94266593344632,13.267410888805362
-45.93055962188893,13.181388298175362
-45.93616897610467,13.167661810650513
-45.876388847655576,12.91324316110977
-45.84928095612092,12.838703981236206
-45.82972164999882,12.662794038916807
-45.65497893216728,11.923903765305578
-45.62621272704388,11.842756280224952
-45.35921095054035,11.20936348993216
-45.34238776100431,11.135161278711353
-45.316670051450494,11.065377731239975
-45.070709748458356,10.40828657328653
-45.03488398267937,10.333936542402071
-44.98635572605776,10.257508594603463
-44.813126698596705,9.964874856612129
-44.79453440684932,9.888417483654695
-44.74916049406755,9.813188861458064
-44.53450568086327,9.452360049711379
-44.494710993554044,9.38163353251729
-44.111152423563205,8.81570958003052
-44.07113083884134,8.750483157688397
-44.044897059398636,8.653370747371786
-43.71041614344368,8.175171226099248
-43.65019613820514,8.113383694136061
-43.602102612839914,8.039413228936537
-43.300032752019675,7.6340534478642725
-43.24647923564485,7.562417951938087
-43.184904157395124,7.504714262232386
-42.97855785432458,7.237778179705803
-42.83706102650911,7.135866516191084
-42.29723175766543,6.576302754632279
-42.1743024368721,6.462511521090107
-42.127660212572195,6.404900850570122
-41.753380302231804,6.042002193421603
-41.5983771758182,5.984024225268052
-41.60431230786746,5.98508249653079
-41.339790197100065,5.762178430887604
-41.283374163367625,5.700890113695157
-40.810120538031065,5.3524873001192725
-40.74511760046803,5.287899014945648
-40.672973457476395,5.242193252883715
-40.31435431700301,5.027297239987772
-40.24257245754134,4.973849583481972
-40.23973275385434,4.975865702483822
-39.89280650067713,4.744026509168599
-39.7479721728024,4.646695804858908
-39.25635197771864,4.328957831603773
-39.25820497597998,4.328902117082942
-39.078927457996926,4.297447043050703
-38.852239655762546,4.198529235920258
-38.787767157025776,4.1257877524335465
-38.15067828828449,3.874105890257583
-38.00461261608884,3.7833859959870204
-37.93824220363147,3.7515866789655803
-37.48441715938205,3.5377450000095956
-37.30341998528109,3.5275824904149595
-37.21452439807781,3.5040211410948388
-36.438124785671675,3.1886964658980355
-36.36077860621217,3.171533997878076
-36.276974263202405,3.1606781664774206
-35.8840302886112,3.02472642862836
-35.70829393797309,3.0086093041242075
-35.22197878838286,2.852609189131906
-35.13597285510584,2.8406244726579373
-35.053347443578836,2.8167672303479545
-34.393833868206556,2.7049108844423873
-34.30798110074337,2.684821683341421
-33.98125663863404,2.643804807638163
-33.892253950809575,2.6000541788700504
-33.810667998578936,2.5725761860321175
-33.153946891615625,2.453599653107977
-33.092992634565704,2.4336101818576448
-32.98573899923866,2.43047352134851
-32.483718978572654,2.3715729514174164
-32.41267723923369,2.3433245423755693
-31.915565501844668,2.2639738695098948
-31.82056131699136,2.26258575352555
-31.737950891309474,2.2605010894484656
-31.34897073684358,2.165512743085284
-31.250851794134974,2.1785748841133574
-31.17261006763317,2.1823869693900315
-30.427158779319168,2.0684070860282895
-30.33204868757542,2.0762987523058456
-30.17009152105832,2.058297659433538
-29.684712068294818,2.0120140487071887
-29.680538455299114,2.012581860710282
-28.93739486024391,1.9259517740622951
-28.85387472522964,1.9025342834585564
-28.354208414578746,1.8714381425233835
-28.27709497583728,1.852632506041519
-28.27301668021115,1.8471398833414903
-27.77761666246884,1.802737483486777
-27.686507359517854,1.803165662638181
-27.610765850943494,1.7872375015460982
-26.929575952242235,1.7744081834231817
-26.835710407581463,1.7801933134587014
-26.43748013156917,1.6958337616709234
-26.341038334436632,1.7078725013133318
-26.183231441129788,1.7213511550779246
-25.69226526881852,1.6673021960948962
-25.60489538953349,1.6659068673209498
-25.443961573235054,1.6562246978939397
-24.955572325788438,1.5866331903798065
-24.78222317623765,1.5940105110631497
-24.283407202387245,1.5595096335322427
-24.201448779192688,1.5349239171792548
-24.03153809835424,1.5205260436207855
-23.2743542100879,1.477808322553614
-23.203336373370323,1.4531804528288175
-23.035761632846555,1.4434112858800752
-22.453712777713513,1.4150479062713437
-22.360000104822962,1.396268995760417
-22.288002535763063,1.3765231582244744
-21.79105961198507,1.3136050549178828
-21.624210384497793,1.3252695516357844
-21.27665488695125,1.2957509675018137
-21.202831254787704,1.2808019555728731
-21.114543800083418,1.280681870585893
-20.709608946284597,1.2654506562634609
-20.62075275778768,1.2565522861494818
-19.94577797675384,1.1735308486130616
-19.87019616077753,1.1802853293235973
-19.792879392145792,1.153870890464229
-19.459809157043214,1.1285257323027713
-19.45171695016683,1.1314380584069255
-18.54787090176851,1.0412529394956231
-18.45980449946379,1.049383388702081
-18.389546690377532,1.0189153589675233
-17.717569736458387,0.972506606833637
-17.649481238090157,0.9511418698778703
-17.46930529926148,0.951629929530708
-16.957666747755596,0.8684119798575125
-16.889609698832263,0.8641247304564059
-16.81673285806619,0.8446653000475791
-15.55637186247194,0.7447194088204733
-15.475695434046509,0.7000513984741542
-14.88686016648595,0.6517993756870445
-14.807629363990392,0.6297516924197443
-14.738151745651585,0.6337278290569005
-13.404970307549574,0.4626374935747089
-13.328801559255577,0.44605799330238133
-12.569979142159227,0.3802688614095878
-12.414775639288564,0.3481551706447236
-12.323047167423782,0.319214811356303
-11.903058894087335,0.31140182507679554
-11.741424903223352,0.27531502400204805
-11.001565915905623,0.16001723310835925
-10.911544878682545,0.17721790511601
-10.748761910196784,0.16431490077362124
-10.102181157577498,0.09358197892470767
-10.01357859524018,0.08330004033352498
-8.929270628979504,0.009472086038166011
-8.843790948999114,-0.007276969896924084
-8.759133607329225,-0.032950578643175576
-7.853623148924193,-0.11248087973447042
-7.762495054530211,-0.1243726724431778
-7.516613888628403,-0.12842074068017326
-7.43035096072502,-0.14967429709691749
-6.610111660272319,-0.18163980937312352
-6.521651670072225,-0.1875386969728533
-6.447216611621863,-0.20907831839756835
-5.842292621324626,-0.22700888692060192
-5.841749070858589,-0.226097268882308
-4.85060503262474,-0.2286915762553388
-4.852176147950821,-0.2290672210309695
-4.764089519294256,-0.2550970837879977
-4.011134360086955,-0.25252485541557024
-3.915843351109778,-0.2615756490995403
-3.841885424874678,-0.2614915385835727
-3.2497693195729735,-0.22808586110942963
-3.16539750554516,-0.20545335316136548
-3.096344110571463,-0.21335120590379725
-2.5746645273100186,-0.139183537211655
-2.4919332724891645,-0.14772197536614506
-2.166465138071454,-0.1151212097703756
-2.0848058476576994,-0.1379883372367473
-1.2748477173087065,0.032283764236360785
-1.2741965490594764,0.033738192346279144
-1.181603880044525,0.021041250612869357
-0.691960888596674,0.09068638391174011
-0.599922476025328,0.16446475532703053
0.3661371415159837,0.4076485441584224
0.4571985708178522,0.3991941203520317
0.5397980778711663,0.4234232096688212
1.1055696264510435,0.5704013071692781
1.1775265240892199,0.6183828894890568
1.6486688252093455,0.7983041164747129
1.7364337037086874,0.8411312263290904
2.270418522516053,1.064696449011857
2.3559756055070915,1.085386366690382
2.5182259881606184,1.1572915518421425
3.1267864916320867,1.4385832040515376
3.191904536363306,1.4848625282719614
4.078817731000892,1.9870399116772082
4.143241214539006,2.0015633664016375
4.142389253112669,2.003836517508014
4.6495099447783526,2.301730001856605
4.7118772814797865,2.37188597967168
5.565179825249528,2.9441015773512276
5.652226718868839,2.9667034457753285
6.316143455290507,3.4326689986010317
6.387766113842753,3.4809381359841414
6.386157006038138,3.508437922761674
6.672925095721173,3.6452513240718787
6.726492582671155,3.71496646189959
7.10637590850207,4.09363589630442
7.187125730649973,4.142299418022001
